Command line invocation:
    /Applications/Xcode.app/Contents/Developer/usr/bin/xcodebuild clean build -project ../QuizFlash.xcodeproj -scheme QuizFlash -destination generic/platform=iOS

Resolve Package Graph


Resolved source packages:
  PZCircularControl: https://github.com/philptr/PZCircularControl.git @ 1.0.0

2026-03-15 04:55:04.837 xcodebuild[14835:16920165] [MT] IDERunDestination: Supported platforms for the buildables in the current scheme is empty.
CreateBuildRequest

SendProjectDescription

CreateBuildOperation

** CLEAN SUCCEEDED **

ComputePackagePrebuildTargetDependencyGraph

Prepare packages

CreateBuildRequest

SendProjectDescription

CreateBuildOperation

ComputeTargetDependencyGraph
note: Building targets in dependency order
note: Target dependency graph (3 targets)
    Target 'QuizFlash' in project 'QuizFlash'
        ➜ Explicit dependency on target 'PZCircularControl' in project 'PZCircularControl'
    Target 'PZCircularControl' in project 'PZCircularControl'
        ➜ Explicit dependency on target 'PZCircularControl' in project 'PZCircularControl'
    Target 'PZCircularControl' in project 'PZCircularControl' (no dependencies)

GatherProvisioningInputs

CreateBuildDescription

ExecuteExternalTool /Applications/Xcode.app/Contents/Developer/Toolchains/XcodeDefault.xctoolchain/usr/bin/clang -v -E -dM -isysroot /Applications/Xcode.app/Contents/Developer/Platforms/iPhoneOS.platform/Developer/SDKs/iPhoneOS26.2.sdk -x c -c /dev/null

ExecuteExternalTool /Applications/Xcode.app/Contents/Developer/Toolchains/XcodeDefault.xctoolchain/usr/bin/swiftc --version

ExecuteExternalTool /Applications/Xcode.app/Contents/Developer/usr/bin/actool --print-asset-tag-combinations --output-format xml1 /Users/ionsocol/Documents/SWIFT/QuizFlash/QuizFlash/App/Assets.xcassets

ExecuteExternalTool /Applications/Xcode.app/Contents/Developer/Toolchains/XcodeDefault.xctoolchain/usr/bin/ld -version_details

ExecuteExternalTool /Applications/Xcode.app/Contents/Developer/usr/bin/actool --version --output-format xml1

Build description signature: c06e53380021e459e59e61c096bb327a
Build description path: /Users/ionsocol/Library/Developer/Xcode/DerivedData/QuizFlash-cavanlznwptgdmfvvpeqonrhackf/Build/Intermediates.noindex/XCBuildData/c06e53380021e459e59e61c096bb327a.xcbuilddata
ClangStatCache /Applications/Xcode.app/Contents/Developer/Toolchains/XcodeDefault.xctoolchain/usr/bin/clang-stat-cache /Applications/Xcode.app/Contents/Developer/Platforms/iPhoneOS.platform/Developer/SDKs/iPhoneOS26.2.sdk /Users/ionsocol/Library/Developer/Xcode/DerivedData/SDKStatCaches.noindex/iphoneos26.2-23C57-3794476bd08197c3e2abd9bb477ef7f7.sdkstatcache
    cd /Users/ionsocol/Documents/SWIFT/QuizFlash/QuizFlash.xcodeproj
    /Applications/Xcode.app/Contents/Developer/Toolchains/XcodeDefault.xctoolchain/usr/bin/clang-stat-cache /Applications/Xcode.app/Contents/Developer/Platforms/iPhoneOS.platform/Developer/SDKs/iPhoneOS26.2.sdk -o /Users/ionsocol/Library/Developer/Xcode/DerivedData/SDKStatCaches.noindex/iphoneos26.2-23C57-3794476bd08197c3e2abd9bb477ef7f7.sdkstatcache

CreateBuildDirectory /Users/ionsocol/Library/Developer/Xcode/DerivedData/QuizFlash-cavanlznwptgdmfvvpeqonrhackf/Build/Products
    cd /Users/ionsocol/Documents/SWIFT/QuizFlash/QuizFlash.xcodeproj
    builtin-create-build-directory /Users/ionsocol/Library/Developer/Xcode/DerivedData/QuizFlash-cavanlznwptgdmfvvpeqonrhackf/Build/Products

CreateBuildDirectory /Users/ionsocol/Library/Developer/Xcode/DerivedData/QuizFlash-cavanlznwptgdmfvvpeqonrhackf/Build/Intermediates.noindex
    cd /Users/ionsocol/Documents/SWIFT/QuizFlash/QuizFlash.xcodeproj
    builtin-create-build-directory /Users/ionsocol/Library/Developer/Xcode/DerivedData/QuizFlash-cavanlznwptgdmfvvpeqonrhackf/Build/Intermediates.noindex

CreateBuildDirectory /Users/ionsocol/Library/Developer/Xcode/DerivedData/QuizFlash-cavanlznwptgdmfvvpeqonrhackf/Build/Intermediates.noindex/SwiftExplicitPrecompiledModules
    cd /Users/ionsocol/Documents/SWIFT/QuizFlash/QuizFlash.xcodeproj
    builtin-create-build-directory /Users/ionsocol/Library/Developer/Xcode/DerivedData/QuizFlash-cavanlznwptgdmfvvpeqonrhackf/Build/Intermediates.noindex/SwiftExplicitPrecompiledModules

CreateBuildDirectory /Users/ionsocol/Library/Developer/Xcode/DerivedData/QuizFlash-cavanlznwptgdmfvvpeqonrhackf/Build/Intermediates.noindex/ExplicitPrecompiledModules
    cd /Users/ionsocol/Documents/SWIFT/QuizFlash/QuizFlash.xcodeproj
    builtin-create-build-directory /Users/ionsocol/Library/Developer/Xcode/DerivedData/QuizFlash-cavanlznwptgdmfvvpeqonrhackf/Build/Intermediates.noindex/ExplicitPrecompiledModules

CreateBuildDirectory /Users/ionsocol/Library/Developer/Xcode/DerivedData/QuizFlash-cavanlznwptgdmfvvpeqonrhackf/Build/Products/Debug-iphoneos
    cd /Users/ionsocol/Documents/SWIFT/QuizFlash/QuizFlash.xcodeproj
    builtin-create-build-directory /Users/ionsocol/Library/Developer/Xcode/DerivedData/QuizFlash-cavanlznwptgdmfvvpeqonrhackf/Build/Products/Debug-iphoneos

CreateBuildDirectory /Users/ionsocol/Library/Developer/Xcode/DerivedData/QuizFlash-cavanlznwptgdmfvvpeqonrhackf/Build/Intermediates.noindex/EagerLinkingTBDs/Debug-iphoneos
    cd /Users/ionsocol/Documents/SWIFT/QuizFlash/QuizFlash.xcodeproj
    builtin-create-build-directory /Users/ionsocol/Library/Developer/Xcode/DerivedData/QuizFlash-cavanlznwptgdmfvvpeqonrhackf/Build/Intermediates.noindex/EagerLinkingTBDs/Debug-iphoneos

WriteAuxiliaryFile /Users/ionsocol/Library/Developer/Xcode/DerivedData/QuizFlash-cavanlznwptgdmfvvpeqonrhackf/Build/Intermediates.noindex/QuizFlash.build/Debug-iphoneos/QuizFlash-c31a8955d6ad4944cbb8f9f83f9850b1-VFS-iphoneos/all-product-headers.yaml
    cd /Users/ionsocol/Documents/SWIFT/QuizFlash/QuizFlash.xcodeproj
    write-file /Users/ionsocol/Library/Developer/Xcode/DerivedData/QuizFlash-cavanlznwptgdmfvvpeqonrhackf/Build/Intermediates.noindex/QuizFlash.build/Debug-iphoneos/QuizFlash-c31a8955d6ad4944cbb8f9f83f9850b1-VFS-iphoneos/all-product-headers.yaml

CreateBuildDirectory /Users/ionsocol/Library/Developer/Xcode/DerivedData/QuizFlash-cavanlznwptgdmfvvpeqonrhackf/Build/Products/Debug-iphoneos/PackageFrameworks
    cd /Users/ionsocol/Documents/SWIFT/QuizFlash/QuizFlash.xcodeproj
    builtin-create-build-directory /Users/ionsocol/Library/Developer/Xcode/DerivedData/QuizFlash-cavanlznwptgdmfvvpeqonrhackf/Build/Products/Debug-iphoneos/PackageFrameworks

WriteAuxiliaryFile /Users/ionsocol/Library/Developer/Xcode/DerivedData/QuizFlash-cavanlznwptgdmfvvpeqonrhackf/Build/Intermediates.noindex/QuizFlash.build/Debug-iphoneos/QuizFlash.build/QuizFlash.hmap (in target 'QuizFlash' from project 'QuizFlash')
    cd /Users/ionsocol/Documents/SWIFT/QuizFlash
    write-file /Users/ionsocol/Library/Developer/Xcode/DerivedData/QuizFlash-cavanlznwptgdmfvvpeqonrhackf/Build/Intermediates.noindex/QuizFlash.build/Debug-iphoneos/QuizFlash.build/QuizFlash.hmap

WriteAuxiliaryFile /Users/ionsocol/Library/Developer/Xcode/DerivedData/QuizFlash-cavanlznwptgdmfvvpeqonrhackf/Build/Intermediates.noindex/QuizFlash.build/Debug-iphoneos/QuizFlash.build/empty-QuizFlash.plist (in target 'QuizFlash' from project 'QuizFlash')
    cd /Users/ionsocol/Documents/SWIFT/QuizFlash
    write-file /Users/ionsocol/Library/Developer/Xcode/DerivedData/QuizFlash-cavanlznwptgdmfvvpeqonrhackf/Build/Intermediates.noindex/QuizFlash.build/Debug-iphoneos/QuizFlash.build/empty-QuizFlash.plist

WriteAuxiliaryFile /Users/ionsocol/Library/Developer/Xcode/DerivedData/QuizFlash-cavanlznwptgdmfvvpeqonrhackf/Build/Intermediates.noindex/QuizFlash.build/Debug-iphoneos/QuizFlash.build/QuizFlash.DependencyStaticMetadataFileList (in target 'QuizFlash' from project 'QuizFlash')
    cd /Users/ionsocol/Documents/SWIFT/QuizFlash
    write-file /Users/ionsocol/Library/Developer/Xcode/DerivedData/QuizFlash-cavanlznwptgdmfvvpeqonrhackf/Build/Intermediates.noindex/QuizFlash.build/Debug-iphoneos/QuizFlash.build/QuizFlash.DependencyStaticMetadataFileList

WriteAuxiliaryFile /Users/ionsocol/Library/Developer/Xcode/DerivedData/QuizFlash-cavanlznwptgdmfvvpeqonrhackf/Build/Intermediates.noindex/QuizFlash.build/Debug-iphoneos/QuizFlash.build/QuizFlash-project-headers.hmap (in target 'QuizFlash' from project 'QuizFlash')
    cd /Users/ionsocol/Documents/SWIFT/QuizFlash
    write-file /Users/ionsocol/Library/Developer/Xcode/DerivedData/QuizFlash-cavanlznwptgdmfvvpeqonrhackf/Build/Intermediates.noindex/QuizFlash.build/Debug-iphoneos/QuizFlash.build/QuizFlash-project-headers.hmap

WriteAuxiliaryFile /Users/ionsocol/Library/Developer/Xcode/DerivedData/QuizFlash-cavanlznwptgdmfvvpeqonrhackf/Build/Intermediates.noindex/QuizFlash.build/Debug-iphoneos/QuizFlash.build/QuizFlash.DependencyMetadataFileList (in target 'QuizFlash' from project 'QuizFlash')
    cd /Users/ionsocol/Documents/SWIFT/QuizFlash
    write-file /Users/ionsocol/Library/Developer/Xcode/DerivedData/QuizFlash-cavanlznwptgdmfvvpeqonrhackf/Build/Intermediates.noindex/QuizFlash.build/Debug-iphoneos/QuizFlash.build/QuizFlash.DependencyMetadataFileList

WriteAuxiliaryFile /Users/ionsocol/Library/Developer/Xcode/DerivedData/QuizFlash-cavanlznwptgdmfvvpeqonrhackf/Build/Intermediates.noindex/QuizFlash.build/Debug-iphoneos/QuizFlash.build/QuizFlash-own-target-headers.hmap (in target 'QuizFlash' from project 'QuizFlash')
    cd /Users/ionsocol/Documents/SWIFT/QuizFlash
    write-file /Users/ionsocol/Library/Developer/Xcode/DerivedData/QuizFlash-cavanlznwptgdmfvvpeqonrhackf/Build/Intermediates.noindex/QuizFlash.build/Debug-iphoneos/QuizFlash.build/QuizFlash-own-target-headers.hmap

WriteAuxiliaryFile /Users/ionsocol/Library/Developer/Xcode/DerivedData/QuizFlash-cavanlznwptgdmfvvpeqonrhackf/Build/Intermediates.noindex/QuizFlash.build/Debug-iphoneos/QuizFlash.build/QuizFlash-generated-files.hmap (in target 'QuizFlash' from project 'QuizFlash')
    cd /Users/ionsocol/Documents/SWIFT/QuizFlash
    write-file /Users/ionsocol/Library/Developer/Xcode/DerivedData/QuizFlash-cavanlznwptgdmfvvpeqonrhackf/Build/Intermediates.noindex/QuizFlash.build/Debug-iphoneos/QuizFlash.build/QuizFlash-generated-files.hmap

WriteAuxiliaryFile /Users/ionsocol/Library/Developer/Xcode/DerivedData/QuizFlash-cavanlznwptgdmfvvpeqonrhackf/Build/Intermediates.noindex/QuizFlash.build/Debug-iphoneos/QuizFlash.build/QuizFlash-all-target-headers.hmap (in target 'QuizFlash' from project 'QuizFlash')
    cd /Users/ionsocol/Documents/SWIFT/QuizFlash
    write-file /Users/ionsocol/Library/Developer/Xcode/DerivedData/QuizFlash-cavanlznwptgdmfvvpeqonrhackf/Build/Intermediates.noindex/QuizFlash.build/Debug-iphoneos/QuizFlash.build/QuizFlash-all-target-headers.hmap

WriteAuxiliaryFile /Users/ionsocol/Library/Developer/Xcode/DerivedData/QuizFlash-cavanlznwptgdmfvvpeqonrhackf/Build/Intermediates.noindex/QuizFlash.build/Debug-iphoneos/QuizFlash.build/QuizFlash-all-non-framework-target-headers.hmap (in target 'QuizFlash' from project 'QuizFlash')
    cd /Users/ionsocol/Documents/SWIFT/QuizFlash
    write-file /Users/ionsocol/Library/Developer/Xcode/DerivedData/QuizFlash-cavanlznwptgdmfvvpeqonrhackf/Build/Intermediates.noindex/QuizFlash.build/Debug-iphoneos/QuizFlash.build/QuizFlash-all-non-framework-target-headers.hmap

WriteAuxiliaryFile /Users/ionsocol/Library/Developer/Xcode/DerivedData/QuizFlash-cavanlznwptgdmfvvpeqonrhackf/Build/Intermediates.noindex/QuizFlash.build/Debug-iphoneos/QuizFlash.build/QuizFlash-DebugDylibInstallName-normal-arm64.txt (in target 'QuizFlash' from project 'QuizFlash')
    cd /Users/ionsocol/Documents/SWIFT/QuizFlash
    write-file /Users/ionsocol/Library/Developer/Xcode/DerivedData/QuizFlash-cavanlznwptgdmfvvpeqonrhackf/Build/Intermediates.noindex/QuizFlash.build/Debug-iphoneos/QuizFlash.build/QuizFlash-DebugDylibInstallName-normal-arm64.txt

WriteAuxiliaryFile /Users/ionsocol/Library/Developer/Xcode/DerivedData/QuizFlash-cavanlznwptgdmfvvpeqonrhackf/Build/Intermediates.noindex/QuizFlash.build/Debug-iphoneos/QuizFlash.build/QuizFlash-DebugDylibPath-normal-arm64.txt (in target 'QuizFlash' from project 'QuizFlash')
    cd /Users/ionsocol/Documents/SWIFT/QuizFlash
    write-file /Users/ionsocol/Library/Developer/Xcode/DerivedData/QuizFlash-cavanlznwptgdmfvvpeqonrhackf/Build/Intermediates.noindex/QuizFlash.build/Debug-iphoneos/QuizFlash.build/QuizFlash-DebugDylibPath-normal-arm64.txt

WriteAuxiliaryFile /Users/ionsocol/Library/Developer/Xcode/DerivedData/QuizFlash-cavanlznwptgdmfvvpeqonrhackf/Build/Intermediates.noindex/QuizFlash.build/Debug-iphoneos/QuizFlash.build/Objects-normal/arm64/QuizFlash_const_extract_protocols.json (in target 'QuizFlash' from project 'QuizFlash')
    cd /Users/ionsocol/Documents/SWIFT/QuizFlash
    write-file /Users/ionsocol/Library/Developer/Xcode/DerivedData/QuizFlash-cavanlznwptgdmfvvpeqonrhackf/Build/Intermediates.noindex/QuizFlash.build/Debug-iphoneos/QuizFlash.build/Objects-normal/arm64/QuizFlash_const_extract_protocols.json

WriteAuxiliaryFile /Users/ionsocol/Library/Developer/Xcode/DerivedData/QuizFlash-cavanlznwptgdmfvvpeqonrhackf/Build/Intermediates.noindex/QuizFlash.build/Debug-iphoneos/QuizFlash.build/Objects-normal/arm64/QuizFlash.SwiftFileList (in target 'QuizFlash' from project 'QuizFlash')
    cd /Users/ionsocol/Documents/SWIFT/QuizFlash
    write-file /Users/ionsocol/Library/Developer/Xcode/DerivedData/QuizFlash-cavanlznwptgdmfvvpeqonrhackf/Build/Intermediates.noindex/QuizFlash.build/Debug-iphoneos/QuizFlash.build/Objects-normal/arm64/QuizFlash.SwiftFileList

WriteAuxiliaryFile /Users/ionsocol/Library/Developer/Xcode/DerivedData/QuizFlash-cavanlznwptgdmfvvpeqonrhackf/Build/Intermediates.noindex/QuizFlash.build/Debug-iphoneos/QuizFlash.build/Objects-normal/arm64/QuizFlash.SwiftConstValuesFileList (in target 'QuizFlash' from project 'QuizFlash')
    cd /Users/ionsocol/Documents/SWIFT/QuizFlash
    write-file /Users/ionsocol/Library/Developer/Xcode/DerivedData/QuizFlash-cavanlznwptgdmfvvpeqonrhackf/Build/Intermediates.noindex/QuizFlash.build/Debug-iphoneos/QuizFlash.build/Objects-normal/arm64/QuizFlash.SwiftConstValuesFileList

WriteAuxiliaryFile /Users/ionsocol/Library/Developer/Xcode/DerivedData/QuizFlash-cavanlznwptgdmfvvpeqonrhackf/Build/Intermediates.noindex/QuizFlash.build/Debug-iphoneos/QuizFlash.build/Objects-normal/arm64/QuizFlash.LinkFileList (in target 'QuizFlash' from project 'QuizFlash')
    cd /Users/ionsocol/Documents/SWIFT/QuizFlash
    write-file /Users/ionsocol/Library/Developer/Xcode/DerivedData/QuizFlash-cavanlznwptgdmfvvpeqonrhackf/Build/Intermediates.noindex/QuizFlash.build/Debug-iphoneos/QuizFlash.build/Objects-normal/arm64/QuizFlash.LinkFileList

WriteAuxiliaryFile /Users/ionsocol/Library/Developer/Xcode/DerivedData/QuizFlash-cavanlznwptgdmfvvpeqonrhackf/Build/Intermediates.noindex/QuizFlash.build/Debug-iphoneos/QuizFlash.build/Objects-normal/arm64/QuizFlash-OutputFileMap.json (in target 'QuizFlash' from project 'QuizFlash')
    cd /Users/ionsocol/Documents/SWIFT/QuizFlash
    write-file /Users/ionsocol/Library/Developer/Xcode/DerivedData/QuizFlash-cavanlznwptgdmfvvpeqonrhackf/Build/Intermediates.noindex/QuizFlash.build/Debug-iphoneos/QuizFlash.build/Objects-normal/arm64/QuizFlash-OutputFileMap.json

WriteAuxiliaryFile /Users/ionsocol/Library/Developer/Xcode/DerivedData/QuizFlash-cavanlznwptgdmfvvpeqonrhackf/Build/Intermediates.noindex/QuizFlash.build/Debug-iphoneos/QuizFlash.build/DerivedSources/Entitlements.plist (in target 'QuizFlash' from project 'QuizFlash')
    cd /Users/ionsocol/Documents/SWIFT/QuizFlash
    write-file /Users/ionsocol/Library/Developer/Xcode/DerivedData/QuizFlash-cavanlznwptgdmfvvpeqonrhackf/Build/Intermediates.noindex/QuizFlash.build/Debug-iphoneos/QuizFlash.build/DerivedSources/Entitlements.plist

WriteAuxiliaryFile /Users/ionsocol/Library/Developer/Xcode/DerivedData/QuizFlash-cavanlznwptgdmfvvpeqonrhackf/Build/Intermediates.noindex/PZCircularControl.build/Debug-iphoneos/PZCircularControl.build/PZCircularControl.modulemap (in target 'PZCircularControl' from project 'PZCircularControl')
    cd /Users/ionsocol/Library/Developer/Xcode/DerivedData/QuizFlash-cavanlznwptgdmfvvpeqonrhackf/SourcePackages/checkouts/PZCircularControl
    write-file /Users/ionsocol/Library/Developer/Xcode/DerivedData/QuizFlash-cavanlznwptgdmfvvpeqonrhackf/Build/Intermediates.noindex/PZCircularControl.build/Debug-iphoneos/PZCircularControl.build/PZCircularControl.modulemap

WriteAuxiliaryFile /Users/ionsocol/Library/Developer/Xcode/DerivedData/QuizFlash-cavanlznwptgdmfvvpeqonrhackf/Build/Intermediates.noindex/PZCircularControl.build/Debug-iphoneos/PZCircularControl.build/PZCircularControl.DependencyStaticMetadataFileList (in target 'PZCircularControl' from project 'PZCircularControl')
    cd /Users/ionsocol/Library/Developer/Xcode/DerivedData/QuizFlash-cavanlznwptgdmfvvpeqonrhackf/SourcePackages/checkouts/PZCircularControl
    write-file /Users/ionsocol/Library/Developer/Xcode/DerivedData/QuizFlash-cavanlznwptgdmfvvpeqonrhackf/Build/Intermediates.noindex/PZCircularControl.build/Debug-iphoneos/PZCircularControl.build/PZCircularControl.DependencyStaticMetadataFileList

WriteAuxiliaryFile /Users/ionsocol/Library/Developer/Xcode/DerivedData/QuizFlash-cavanlznwptgdmfvvpeqonrhackf/Build/Intermediates.noindex/PZCircularControl.build/Debug-iphoneos/PZCircularControl.build/PZCircularControl.DependencyMetadataFileList (in target 'PZCircularControl' from project 'PZCircularControl')
    cd /Users/ionsocol/Library/Developer/Xcode/DerivedData/QuizFlash-cavanlznwptgdmfvvpeqonrhackf/SourcePackages/checkouts/PZCircularControl
    write-file /Users/ionsocol/Library/Developer/Xcode/DerivedData/QuizFlash-cavanlznwptgdmfvvpeqonrhackf/Build/Intermediates.noindex/PZCircularControl.build/Debug-iphoneos/PZCircularControl.build/PZCircularControl.DependencyMetadataFileList

WriteAuxiliaryFile /Users/ionsocol/Library/Developer/Xcode/DerivedData/QuizFlash-cavanlznwptgdmfvvpeqonrhackf/Build/Intermediates.noindex/PZCircularControl.build/Debug-iphoneos/PZCircularControl.build/Objects-normal/arm64/PZCircularControl_const_extract_protocols.json (in target 'PZCircularControl' from project 'PZCircularControl')
    cd /Users/ionsocol/Library/Developer/Xcode/DerivedData/QuizFlash-cavanlznwptgdmfvvpeqonrhackf/SourcePackages/checkouts/PZCircularControl
    write-file /Users/ionsocol/Library/Developer/Xcode/DerivedData/QuizFlash-cavanlznwptgdmfvvpeqonrhackf/Build/Intermediates.noindex/PZCircularControl.build/Debug-iphoneos/PZCircularControl.build/Objects-normal/arm64/PZCircularControl_const_extract_protocols.json

WriteAuxiliaryFile /Users/ionsocol/Library/Developer/Xcode/DerivedData/QuizFlash-cavanlznwptgdmfvvpeqonrhackf/Build/Intermediates.noindex/PZCircularControl.build/Debug-iphoneos/PZCircularControl.build/Objects-normal/arm64/PZCircularControl.SwiftFileList (in target 'PZCircularControl' from project 'PZCircularControl')
    cd /Users/ionsocol/Library/Developer/Xcode/DerivedData/QuizFlash-cavanlznwptgdmfvvpeqonrhackf/SourcePackages/checkouts/PZCircularControl
    write-file /Users/ionsocol/Library/Developer/Xcode/DerivedData/QuizFlash-cavanlznwptgdmfvvpeqonrhackf/Build/Intermediates.noindex/PZCircularControl.build/Debug-iphoneos/PZCircularControl.build/Objects-normal/arm64/PZCircularControl.SwiftFileList

WriteAuxiliaryFile /Users/ionsocol/Library/Developer/Xcode/DerivedData/QuizFlash-cavanlznwptgdmfvvpeqonrhackf/Build/Intermediates.noindex/PZCircularControl.build/Debug-iphoneos/PZCircularControl.build/Objects-normal/arm64/PZCircularControl.SwiftConstValuesFileList (in target 'PZCircularControl' from project 'PZCircularControl')
    cd /Users/ionsocol/Library/Developer/Xcode/DerivedData/QuizFlash-cavanlznwptgdmfvvpeqonrhackf/SourcePackages/checkouts/PZCircularControl
    write-file /Users/ionsocol/Library/Developer/Xcode/DerivedData/QuizFlash-cavanlznwptgdmfvvpeqonrhackf/Build/Intermediates.noindex/PZCircularControl.build/Debug-iphoneos/PZCircularControl.build/Objects-normal/arm64/PZCircularControl.SwiftConstValuesFileList

WriteAuxiliaryFile /Users/ionsocol/Library/Developer/Xcode/DerivedData/QuizFlash-cavanlznwptgdmfvvpeqonrhackf/Build/Intermediates.noindex/PZCircularControl.build/Debug-iphoneos/PZCircularControl.build/Objects-normal/arm64/PZCircularControl.LinkFileList (in target 'PZCircularControl' from project 'PZCircularControl')
    cd /Users/ionsocol/Library/Developer/Xcode/DerivedData/QuizFlash-cavanlznwptgdmfvvpeqonrhackf/SourcePackages/checkouts/PZCircularControl
    write-file /Users/ionsocol/Library/Developer/Xcode/DerivedData/QuizFlash-cavanlznwptgdmfvvpeqonrhackf/Build/Intermediates.noindex/PZCircularControl.build/Debug-iphoneos/PZCircularControl.build/Objects-normal/arm64/PZCircularControl.LinkFileList

WriteAuxiliaryFile /Users/ionsocol/Library/Developer/Xcode/DerivedData/QuizFlash-cavanlznwptgdmfvvpeqonrhackf/Build/Intermediates.noindex/PZCircularControl.build/Debug-iphoneos/PZCircularControl.build/Objects-normal/arm64/PZCircularControl-OutputFileMap.json (in target 'PZCircularControl' from project 'PZCircularControl')
    cd /Users/ionsocol/Library/Developer/Xcode/DerivedData/QuizFlash-cavanlznwptgdmfvvpeqonrhackf/SourcePackages/checkouts/PZCircularControl
    write-file /Users/ionsocol/Library/Developer/Xcode/DerivedData/QuizFlash-cavanlznwptgdmfvvpeqonrhackf/Build/Intermediates.noindex/PZCircularControl.build/Debug-iphoneos/PZCircularControl.build/Objects-normal/arm64/PZCircularControl-OutputFileMap.json

MkDir /Users/ionsocol/Library/Developer/Xcode/DerivedData/QuizFlash-cavanlznwptgdmfvvpeqonrhackf/Build/Products/Debug-iphoneos/QuizFlash.app (in target 'QuizFlash' from project 'QuizFlash')
    cd /Users/ionsocol/Documents/SWIFT/QuizFlash
    /bin/mkdir -p /Users/ionsocol/Library/Developer/Xcode/DerivedData/QuizFlash-cavanlznwptgdmfvvpeqonrhackf/Build/Products/Debug-iphoneos/QuizFlash.app

Copy /Users/ionsocol/Library/Developer/Xcode/DerivedData/QuizFlash-cavanlznwptgdmfvvpeqonrhackf/Build/Intermediates.noindex/GeneratedModuleMaps-iphoneos/PZCircularControl.modulemap /Users/ionsocol/Library/Developer/Xcode/DerivedData/QuizFlash-cavanlznwptgdmfvvpeqonrhackf/Build/Intermediates.noindex/PZCircularControl.build/Debug-iphoneos/PZCircularControl.build/PZCircularControl.modulemap (in target 'PZCircularControl' from project 'PZCircularControl')
    cd /Users/ionsocol/Library/Developer/Xcode/DerivedData/QuizFlash-cavanlznwptgdmfvvpeqonrhackf/SourcePackages/checkouts/PZCircularControl
    builtin-copy -exclude .DS_Store -exclude CVS -exclude .svn -exclude .git -exclude .hg -resolve-src-symlinks /Users/ionsocol/Library/Developer/Xcode/DerivedData/QuizFlash-cavanlznwptgdmfvvpeqonrhackf/Build/Intermediates.noindex/PZCircularControl.build/Debug-iphoneos/PZCircularControl.build/PZCircularControl.modulemap /Users/ionsocol/Library/Developer/Xcode/DerivedData/QuizFlash-cavanlznwptgdmfvvpeqonrhackf/Build/Intermediates.noindex/GeneratedModuleMaps-iphoneos

SwiftDriver PZCircularControl normal arm64 com.apple.xcode.tools.swift.compiler (in target 'PZCircularControl' from project 'PZCircularControl')
    cd /Users/ionsocol/Documents/SWIFT/QuizFlash/QuizFlash.xcodeproj
    builtin-SwiftDriver -- /Applications/Xcode.app/Contents/Developer/Toolchains/XcodeDefault.xctoolchain/usr/bin/swiftc -module-name PZCircularControl -Onone -enforce-exclusivity\=checked @/Users/ionsocol/Library/Developer/Xcode/DerivedData/QuizFlash-cavanlznwptgdmfvvpeqonrhackf/Build/Intermediates.noindex/PZCircularControl.build/Debug-iphoneos/PZCircularControl.build/Objects-normal/arm64/PZCircularControl.SwiftFileList -DSWIFT_PACKAGE -DDEBUG -DSWIFT_MODULE_RESOURCE_BUNDLE_UNAVAILABLE -DXcode -plugin-path /Applications/Xcode.app/Contents/Developer/Toolchains/XcodeDefault.xctoolchain/usr/lib/swift/host/plugins/testing -enable-experimental-feature DebugDescriptionMacro -sdk /Applications/Xcode.app/Contents/Developer/Platforms/iPhoneOS.platform/Developer/SDKs/iPhoneOS26.2.sdk -target arm64-apple-ios17.0 -g -module-cache-path /Users/ionsocol/Library/Developer/Xcode/DerivedData/ModuleCache.noindex -Xfrontend -serialize-debugging-options -enable-testing -suppress-warnings -index-store-path /Users/ionsocol/Library/Developer/Xcode/DerivedData/QuizFlash-cavanlznwptgdmfvvpeqonrhackf/Index.noindex/DataStore -Xcc -D_LIBCPP_HARDENING_MODE\=_LIBCPP_HARDENING_MODE_DEBUG -swift-version 6 -I /Users/ionsocol/Library/Developer/Xcode/DerivedData/QuizFlash-cavanlznwptgdmfvvpeqonrhackf/Build/Products/Debug-iphoneos -Isystem /Applications/Xcode.app/Contents/Developer/Platforms/iPhoneOS.platform/Developer/usr/lib -F /Users/ionsocol/Library/Developer/Xcode/DerivedData/QuizFlash-cavanlznwptgdmfvvpeqonrhackf/Build/Products/Debug-iphoneos -F /Applications/Xcode.app/Contents/Developer/Platforms/iPhoneOS.platform/Developer/Library/Frameworks -F /Applications/Xcode.app/Contents/Developer/Platforms/iPhoneOS.platform/Developer/SDKs/iPhoneOS26.2.sdk/Developer/Library/Frameworks -c -j8 -enable-batch-mode -incremental -Xcc -ivfsstatcache -Xcc /Users/ionsocol/Library/Developer/Xcode/DerivedData/SDKStatCaches.noindex/iphoneos26.2-23C57-3794476bd08197c3e2abd9bb477ef7f7.sdkstatcache -output-file-map /Users/ionsocol/Library/Developer/Xcode/DerivedData/QuizFlash-cavanlznwptgdmfvvpeqonrhackf/Build/Intermediates.noindex/PZCircularControl.build/Debug-iphoneos/PZCircularControl.build/Objects-normal/arm64/PZCircularControl-OutputFileMap.json -use-frontend-parseable-output -save-temps -no-color-diagnostics -explicit-module-build -module-cache-path /Users/ionsocol/Library/Developer/Xcode/DerivedData/QuizFlash-cavanlznwptgdmfvvpeqonrhackf/Build/Intermediates.noindex/SwiftExplicitPrecompiledModules -clang-scanner-module-cache-path /Users/ionsocol/Library/Developer/Xcode/DerivedData/ModuleCache.noindex -sdk-module-cache-path /Users/ionsocol/Library/Developer/Xcode/DerivedData/ModuleCache.noindex -serialize-diagnostics -emit-dependencies -emit-module -emit-module-path /Users/ionsocol/Library/Developer/Xcode/DerivedData/QuizFlash-cavanlznwptgdmfvvpeqonrhackf/Build/Intermediates.noindex/PZCircularControl.build/Debug-iphoneos/PZCircularControl.build/Objects-normal/arm64/PZCircularControl.swiftmodule -user-module-version 1.0.0 -validate-clang-modules-once -clang-build-session-file /Users/ionsocol/Library/Developer/Xcode/DerivedData/ModuleCache.noindex/Session.modulevalidation -package-name pzcircularcontrol -Xcc -I/Users/ionsocol/Library/Developer/Xcode/DerivedData/QuizFlash-cavanlznwptgdmfvvpeqonrhackf/Build/Intermediates.noindex/PZCircularControl.build/Debug-iphoneos/PZCircularControl.build/swift-overrides.hmap -emit-const-values -Xfrontend -const-gather-protocols-file -Xfrontend /Users/ionsocol/Library/Developer/Xcode/DerivedData/QuizFlash-cavanlznwptgdmfvvpeqonrhackf/Build/Intermediates.noindex/PZCircularControl.build/Debug-iphoneos/PZCircularControl.build/Objects-normal/arm64/PZCircularControl_const_extract_protocols.json -Xcc -I/Users/ionsocol/Library/Developer/Xcode/DerivedData/QuizFlash-cavanlznwptgdmfvvpeqonrhackf/Build/Products/Debug-iphoneos/include -Xcc -I/Users/ionsocol/Library/Developer/Xcode/DerivedData/QuizFlash-cavanlznwptgdmfvvpeqonrhackf/Build/Intermediates.noindex/PZCircularControl.build/Debug-iphoneos/PZCircularControl.build/DerivedSources-normal/arm64 -Xcc -I/Users/ionsocol/Library/Developer/Xcode/DerivedData/QuizFlash-cavanlznwptgdmfvvpeqonrhackf/Build/Intermediates.noindex/PZCircularControl.build/Debug-iphoneos/PZCircularControl.build/DerivedSources/arm64 -Xcc -I/Users/ionsocol/Library/Developer/Xcode/DerivedData/QuizFlash-cavanlznwptgdmfvvpeqonrhackf/Build/Intermediates.noindex/PZCircularControl.build/Debug-iphoneos/PZCircularControl.build/DerivedSources -Xcc -DSWIFT_PACKAGE -Xcc -DDEBUG\=1 -emit-objc-header -emit-objc-header-path /Users/ionsocol/Library/Developer/Xcode/DerivedData/QuizFlash-cavanlznwptgdmfvvpeqonrhackf/Build/Intermediates.noindex/PZCircularControl.build/Debug-iphoneos/PZCircularControl.build/Objects-normal/arm64/PZCircularControl-Swift.h -working-directory /Users/ionsocol/Documents/SWIFT/QuizFlash/QuizFlash.xcodeproj -experimental-emit-module-separately -disable-cmo

SwiftCompile normal arm64 Compiling\ Color+Knob.swift /Users/ionsocol/Library/Developer/Xcode/DerivedData/QuizFlash-cavanlznwptgdmfvvpeqonrhackf/SourcePackages/checkouts/PZCircularControl/Sources/PZCircularControl/Extensions/Color+Knob.swift (in target 'PZCircularControl' from project 'PZCircularControl')

SwiftCompile normal arm64 /Users/ionsocol/Library/Developer/Xcode/DerivedData/QuizFlash-cavanlznwptgdmfvvpeqonrhackf/SourcePackages/checkouts/PZCircularControl/Sources/PZCircularControl/Extensions/Color+Knob.swift (in target 'PZCircularControl' from project 'PZCircularControl')
    cd /Users/ionsocol/Documents/SWIFT/QuizFlash/QuizFlash.xcodeproj
    

SwiftCompile normal arm64 Compiling\ CircularControlStyle.swift /Users/ionsocol/Library/Developer/Xcode/DerivedData/QuizFlash-cavanlznwptgdmfvvpeqonrhackf/SourcePackages/checkouts/PZCircularControl/Sources/PZCircularControl/CircularControlStyle.swift (in target 'PZCircularControl' from project 'PZCircularControl')

SwiftCompile normal arm64 /Users/ionsocol/Library/Developer/Xcode/DerivedData/QuizFlash-cavanlznwptgdmfvvpeqonrhackf/SourcePackages/checkouts/PZCircularControl/Sources/PZCircularControl/CircularControlStyle.swift (in target 'PZCircularControl' from project 'PZCircularControl')
    cd /Users/ionsocol/Documents/SWIFT/QuizFlash/QuizFlash.xcodeproj
    

SwiftCompile normal arm64 Compiling\ CircularControl+Knob.swift,\ CircularControl+Track.swift /Users/ionsocol/Library/Developer/Xcode/DerivedData/QuizFlash-cavanlznwptgdmfvvpeqonrhackf/SourcePackages/checkouts/PZCircularControl/Sources/PZCircularControl/CircularControl+Knob.swift /Users/ionsocol/Library/Developer/Xcode/DerivedData/QuizFlash-cavanlznwptgdmfvvpeqonrhackf/SourcePackages/checkouts/PZCircularControl/Sources/PZCircularControl/CircularControl+Track.swift (in target 'PZCircularControl' from project 'PZCircularControl')
SwiftCompile normal arm64 /Users/ionsocol/Library/Developer/Xcode/DerivedData/QuizFlash-cavanlznwptgdmfvvpeqonrhackf/SourcePackages/checkouts/PZCircularControl/Sources/PZCircularControl/CircularControl+Knob.swift (in target 'PZCircularControl' from project 'PZCircularControl')
    cd /Users/ionsocol/Documents/SWIFT/QuizFlash/QuizFlash.xcodeproj
    

SwiftCompile normal arm64 /Users/ionsocol/Library/Developer/Xcode/DerivedData/QuizFlash-cavanlznwptgdmfvvpeqonrhackf/SourcePackages/checkouts/PZCircularControl/Sources/PZCircularControl/CircularControl+Track.swift (in target 'PZCircularControl' from project 'PZCircularControl')
    cd /Users/ionsocol/Documents/SWIFT/QuizFlash/QuizFlash.xcodeproj
    

SwiftCompile normal arm64 Compiling\ Comparable+Clamped.swift /Users/ionsocol/Library/Developer/Xcode/DerivedData/QuizFlash-cavanlznwptgdmfvvpeqonrhackf/SourcePackages/checkouts/PZCircularControl/Sources/PZCircularControl/Extensions/Comparable+Clamped.swift (in target 'PZCircularControl' from project 'PZCircularControl')

SwiftCompile normal arm64 /Users/ionsocol/Library/Developer/Xcode/DerivedData/QuizFlash-cavanlznwptgdmfvvpeqonrhackf/SourcePackages/checkouts/PZCircularControl/Sources/PZCircularControl/Extensions/Comparable+Clamped.swift (in target 'PZCircularControl' from project 'PZCircularControl')
    cd /Users/ionsocol/Documents/SWIFT/QuizFlash/QuizFlash.xcodeproj
    

SwiftEmitModule normal arm64 Emitting\ module\ for\ PZCircularControl (in target 'PZCircularControl' from project 'PZCircularControl')

EmitSwiftModule normal arm64 (in target 'PZCircularControl' from project 'PZCircularControl')
    cd /Users/ionsocol/Documents/SWIFT/QuizFlash/QuizFlash.xcodeproj
    

SwiftCompile normal arm64 Compiling\ DefaultCircularControlLabel.swift /Users/ionsocol/Library/Developer/Xcode/DerivedData/QuizFlash-cavanlznwptgdmfvvpeqonrhackf/SourcePackages/checkouts/PZCircularControl/Sources/PZCircularControl/DefaultCircularControlLabel.swift (in target 'PZCircularControl' from project 'PZCircularControl')

SwiftCompile normal arm64 /Users/ionsocol/Library/Developer/Xcode/DerivedData/QuizFlash-cavanlznwptgdmfvvpeqonrhackf/SourcePackages/checkouts/PZCircularControl/Sources/PZCircularControl/DefaultCircularControlLabel.swift (in target 'PZCircularControl' from project 'PZCircularControl')
    cd /Users/ionsocol/Documents/SWIFT/QuizFlash/QuizFlash.xcodeproj
    

SwiftCompile normal arm64 Compiling\ HapticFeedback.swift /Users/ionsocol/Library/Developer/Xcode/DerivedData/QuizFlash-cavanlznwptgdmfvvpeqonrhackf/SourcePackages/checkouts/PZCircularControl/Sources/PZCircularControl/HapticFeedback.swift (in target 'PZCircularControl' from project 'PZCircularControl')

SwiftCompile normal arm64 /Users/ionsocol/Library/Developer/Xcode/DerivedData/QuizFlash-cavanlznwptgdmfvvpeqonrhackf/SourcePackages/checkouts/PZCircularControl/Sources/PZCircularControl/HapticFeedback.swift (in target 'PZCircularControl' from project 'PZCircularControl')
    cd /Users/ionsocol/Documents/SWIFT/QuizFlash/QuizFlash.xcodeproj
    

SwiftCompile normal arm64 Compiling\ CircularControl.swift,\ CircularControlLabelFormat.swift /Users/ionsocol/Library/Developer/Xcode/DerivedData/QuizFlash-cavanlznwptgdmfvvpeqonrhackf/SourcePackages/checkouts/PZCircularControl/Sources/PZCircularControl/CircularControl.swift /Users/ionsocol/Library/Developer/Xcode/DerivedData/QuizFlash-cavanlznwptgdmfvvpeqonrhackf/SourcePackages/checkouts/PZCircularControl/Sources/PZCircularControl/CircularControlLabelFormat.swift (in target 'PZCircularControl' from project 'PZCircularControl')

SwiftCompile normal arm64 /Users/ionsocol/Library/Developer/Xcode/DerivedData/QuizFlash-cavanlznwptgdmfvvpeqonrhackf/SourcePackages/checkouts/PZCircularControl/Sources/PZCircularControl/CircularControl.swift (in target 'PZCircularControl' from project 'PZCircularControl')
    cd /Users/ionsocol/Documents/SWIFT/QuizFlash/QuizFlash.xcodeproj
    

SwiftCompile normal arm64 /Users/ionsocol/Library/Developer/Xcode/DerivedData/QuizFlash-cavanlznwptgdmfvvpeqonrhackf/SourcePackages/checkouts/PZCircularControl/Sources/PZCircularControl/CircularControlLabelFormat.swift (in target 'PZCircularControl' from project 'PZCircularControl')
    cd /Users/ionsocol/Documents/SWIFT/QuizFlash/QuizFlash.xcodeproj
    

SwiftCompile normal arm64 Compiling\ EnvironmentValues+CircularControl.swift /Users/ionsocol/Library/Developer/Xcode/DerivedData/QuizFlash-cavanlznwptgdmfvvpeqonrhackf/SourcePackages/checkouts/PZCircularControl/Sources/PZCircularControl/Extensions/EnvironmentValues+CircularControl.swift (in target 'PZCircularControl' from project 'PZCircularControl')

SwiftCompile normal arm64 /Users/ionsocol/Library/Developer/Xcode/DerivedData/QuizFlash-cavanlznwptgdmfvvpeqonrhackf/SourcePackages/checkouts/PZCircularControl/Sources/PZCircularControl/Extensions/EnvironmentValues+CircularControl.swift (in target 'PZCircularControl' from project 'PZCircularControl')
    cd /Users/ionsocol/Documents/SWIFT/QuizFlash/QuizFlash.xcodeproj
    

SwiftDriverJobDiscovery normal arm64 Compiling CircularControlStyle.swift (in target 'PZCircularControl' from project 'PZCircularControl')

SwiftDriverJobDiscovery normal arm64 Compiling Comparable+Clamped.swift (in target 'PZCircularControl' from project 'PZCircularControl')

SwiftDriverJobDiscovery normal arm64 Compiling Color+Knob.swift (in target 'PZCircularControl' from project 'PZCircularControl')

SwiftDriverJobDiscovery normal arm64 Compiling HapticFeedback.swift (in target 'PZCircularControl' from project 'PZCircularControl')

SwiftDriverJobDiscovery normal arm64 Compiling DefaultCircularControlLabel.swift (in target 'PZCircularControl' from project 'PZCircularControl')

SwiftDriverJobDiscovery normal arm64 Emitting module for PZCircularControl (in target 'PZCircularControl' from project 'PZCircularControl')

SwiftDriver\ Compilation\ Requirements PZCircularControl normal arm64 com.apple.xcode.tools.swift.compiler (in target 'PZCircularControl' from project 'PZCircularControl')
    cd /Users/ionsocol/Documents/SWIFT/QuizFlash/QuizFlash.xcodeproj
    builtin-Swift-Compilation-Requirements -- /Applications/Xcode.app/Contents/Developer/Toolchains/XcodeDefault.xctoolchain/usr/bin/swiftc -module-name PZCircularControl -Onone -enforce-exclusivity\=checked @/Users/ionsocol/Library/Developer/Xcode/DerivedData/QuizFlash-cavanlznwptgdmfvvpeqonrhackf/Build/Intermediates.noindex/PZCircularControl.build/Debug-iphoneos/PZCircularControl.build/Objects-normal/arm64/PZCircularControl.SwiftFileList -DSWIFT_PACKAGE -DDEBUG -DSWIFT_MODULE_RESOURCE_BUNDLE_UNAVAILABLE -DXcode -plugin-path /Applications/Xcode.app/Contents/Developer/Toolchains/XcodeDefault.xctoolchain/usr/lib/swift/host/plugins/testing -enable-experimental-feature DebugDescriptionMacro -sdk /Applications/Xcode.app/Contents/Developer/Platforms/iPhoneOS.platform/Developer/SDKs/iPhoneOS26.2.sdk -target arm64-apple-ios17.0 -g -module-cache-path /Users/ionsocol/Library/Developer/Xcode/DerivedData/ModuleCache.noindex -Xfrontend -serialize-debugging-options -enable-testing -suppress-warnings -index-store-path /Users/ionsocol/Library/Developer/Xcode/DerivedData/QuizFlash-cavanlznwptgdmfvvpeqonrhackf/Index.noindex/DataStore -Xcc -D_LIBCPP_HARDENING_MODE\=_LIBCPP_HARDENING_MODE_DEBUG -swift-version 6 -I /Users/ionsocol/Library/Developer/Xcode/DerivedData/QuizFlash-cavanlznwptgdmfvvpeqonrhackf/Build/Products/Debug-iphoneos -Isystem /Applications/Xcode.app/Contents/Developer/Platforms/iPhoneOS.platform/Developer/usr/lib -F /Users/ionsocol/Library/Developer/Xcode/DerivedData/QuizFlash-cavanlznwptgdmfvvpeqonrhackf/Build/Products/Debug-iphoneos -F /Applications/Xcode.app/Contents/Developer/Platforms/iPhoneOS.platform/Developer/Library/Frameworks -F /Applications/Xcode.app/Contents/Developer/Platforms/iPhoneOS.platform/Developer/SDKs/iPhoneOS26.2.sdk/Developer/Library/Frameworks -c -j8 -enable-batch-mode -incremental -Xcc -ivfsstatcache -Xcc /Users/ionsocol/Library/Developer/Xcode/DerivedData/SDKStatCaches.noindex/iphoneos26.2-23C57-3794476bd08197c3e2abd9bb477ef7f7.sdkstatcache -output-file-map /Users/ionsocol/Library/Developer/Xcode/DerivedData/QuizFlash-cavanlznwptgdmfvvpeqonrhackf/Build/Intermediates.noindex/PZCircularControl.build/Debug-iphoneos/PZCircularControl.build/Objects-normal/arm64/PZCircularControl-OutputFileMap.json -use-frontend-parseable-output -save-temps -no-color-diagnostics -explicit-module-build -module-cache-path /Users/ionsocol/Library/Developer/Xcode/DerivedData/QuizFlash-cavanlznwptgdmfvvpeqonrhackf/Build/Intermediates.noindex/SwiftExplicitPrecompiledModules -clang-scanner-module-cache-path /Users/ionsocol/Library/Developer/Xcode/DerivedData/ModuleCache.noindex -sdk-module-cache-path /Users/ionsocol/Library/Developer/Xcode/DerivedData/ModuleCache.noindex -serialize-diagnostics -emit-dependencies -emit-module -emit-module-path /Users/ionsocol/Library/Developer/Xcode/DerivedData/QuizFlash-cavanlznwptgdmfvvpeqonrhackf/Build/Intermediates.noindex/PZCircularControl.build/Debug-iphoneos/PZCircularControl.build/Objects-normal/arm64/PZCircularControl.swiftmodule -user-module-version 1.0.0 -validate-clang-modules-once -clang-build-session-file /Users/ionsocol/Library/Developer/Xcode/DerivedData/ModuleCache.noindex/Session.modulevalidation -package-name pzcircularcontrol -Xcc -I/Users/ionsocol/Library/Developer/Xcode/DerivedData/QuizFlash-cavanlznwptgdmfvvpeqonrhackf/Build/Intermediates.noindex/PZCircularControl.build/Debug-iphoneos/PZCircularControl.build/swift-overrides.hmap -emit-const-values -Xfrontend -const-gather-protocols-file -Xfrontend /Users/ionsocol/Library/Developer/Xcode/DerivedData/QuizFlash-cavanlznwptgdmfvvpeqonrhackf/Build/Intermediates.noindex/PZCircularControl.build/Debug-iphoneos/PZCircularControl.build/Objects-normal/arm64/PZCircularControl_const_extract_protocols.json -Xcc -I/Users/ionsocol/Library/Developer/Xcode/DerivedData/QuizFlash-cavanlznwptgdmfvvpeqonrhackf/Build/Products/Debug-iphoneos/include -Xcc -I/Users/ionsocol/Library/Developer/Xcode/DerivedData/QuizFlash-cavanlznwptgdmfvvpeqonrhackf/Build/Intermediates.noindex/PZCircularControl.build/Debug-iphoneos/PZCircularControl.build/DerivedSources-normal/arm64 -Xcc -I/Users/ionsocol/Library/Developer/Xcode/DerivedData/QuizFlash-cavanlznwptgdmfvvpeqonrhackf/Build/Intermediates.noindex/PZCircularControl.build/Debug-iphoneos/PZCircularControl.build/DerivedSources/arm64 -Xcc -I/Users/ionsocol/Library/Developer/Xcode/DerivedData/QuizFlash-cavanlznwptgdmfvvpeqonrhackf/Build/Intermediates.noindex/PZCircularControl.build/Debug-iphoneos/PZCircularControl.build/DerivedSources -Xcc -DSWIFT_PACKAGE -Xcc -DDEBUG\=1 -emit-objc-header -emit-objc-header-path /Users/ionsocol/Library/Developer/Xcode/DerivedData/QuizFlash-cavanlznwptgdmfvvpeqonrhackf/Build/Intermediates.noindex/PZCircularControl.build/Debug-iphoneos/PZCircularControl.build/Objects-normal/arm64/PZCircularControl-Swift.h -working-directory /Users/ionsocol/Documents/SWIFT/QuizFlash/QuizFlash.xcodeproj -experimental-emit-module-separately -disable-cmo

SwiftMergeGeneratedHeaders /Users/ionsocol/Library/Developer/Xcode/DerivedData/QuizFlash-cavanlznwptgdmfvvpeqonrhackf/Build/Intermediates.noindex/GeneratedModuleMaps-iphoneos/PZCircularControl-Swift.h /Users/ionsocol/Library/Developer/Xcode/DerivedData/QuizFlash-cavanlznwptgdmfvvpeqonrhackf/Build/Intermediates.noindex/PZCircularControl.build/Debug-iphoneos/PZCircularControl.build/Objects-normal/arm64/PZCircularControl-Swift.h (in target 'PZCircularControl' from project 'PZCircularControl')
    cd /Users/ionsocol/Library/Developer/Xcode/DerivedData/QuizFlash-cavanlznwptgdmfvvpeqonrhackf/SourcePackages/checkouts/PZCircularControl
    builtin-swiftHeaderTool -arch arm64 /Users/ionsocol/Library/Developer/Xcode/DerivedData/QuizFlash-cavanlznwptgdmfvvpeqonrhackf/Build/Intermediates.noindex/PZCircularControl.build/Debug-iphoneos/PZCircularControl.build/Objects-normal/arm64/PZCircularControl-Swift.h -o /Users/ionsocol/Library/Developer/Xcode/DerivedData/QuizFlash-cavanlznwptgdmfvvpeqonrhackf/Build/Intermediates.noindex/GeneratedModuleMaps-iphoneos/PZCircularControl-Swift.h

Copy /Users/ionsocol/Library/Developer/Xcode/DerivedData/QuizFlash-cavanlznwptgdmfvvpeqonrhackf/Build/Products/Debug-iphoneos/PZCircularControl.swiftmodule/arm64-apple-ios.swiftdoc /Users/ionsocol/Library/Developer/Xcode/DerivedData/QuizFlash-cavanlznwptgdmfvvpeqonrhackf/Build/Intermediates.noindex/PZCircularControl.build/Debug-iphoneos/PZCircularControl.build/Objects-normal/arm64/PZCircularControl.swiftdoc (in target 'PZCircularControl' from project 'PZCircularControl')
    cd /Users/ionsocol/Library/Developer/Xcode/DerivedData/QuizFlash-cavanlznwptgdmfvvpeqonrhackf/SourcePackages/checkouts/PZCircularControl
    builtin-copy -exclude .DS_Store -exclude CVS -exclude .svn -exclude .git -exclude .hg -resolve-src-symlinks -rename /Users/ionsocol/Library/Developer/Xcode/DerivedData/QuizFlash-cavanlznwptgdmfvvpeqonrhackf/Build/Intermediates.noindex/PZCircularControl.build/Debug-iphoneos/PZCircularControl.build/Objects-normal/arm64/PZCircularControl.swiftdoc /Users/ionsocol/Library/Developer/Xcode/DerivedData/QuizFlash-cavanlznwptgdmfvvpeqonrhackf/Build/Products/Debug-iphoneos/PZCircularControl.swiftmodule/arm64-apple-ios.swiftdoc

Copy /Users/ionsocol/Library/Developer/Xcode/DerivedData/QuizFlash-cavanlznwptgdmfvvpeqonrhackf/Build/Products/Debug-iphoneos/PZCircularControl.swiftmodule/arm64-apple-ios.abi.json /Users/ionsocol/Library/Developer/Xcode/DerivedData/QuizFlash-cavanlznwptgdmfvvpeqonrhackf/Build/Intermediates.noindex/PZCircularControl.build/Debug-iphoneos/PZCircularControl.build/Objects-normal/arm64/PZCircularControl.abi.json (in target 'PZCircularControl' from project 'PZCircularControl')
    cd /Users/ionsocol/Library/Developer/Xcode/DerivedData/QuizFlash-cavanlznwptgdmfvvpeqonrhackf/SourcePackages/checkouts/PZCircularControl
    builtin-copy -exclude .DS_Store -exclude CVS -exclude .svn -exclude .git -exclude .hg -resolve-src-symlinks -rename /Users/ionsocol/Library/Developer/Xcode/DerivedData/QuizFlash-cavanlznwptgdmfvvpeqonrhackf/Build/Intermediates.noindex/PZCircularControl.build/Debug-iphoneos/PZCircularControl.build/Objects-normal/arm64/PZCircularControl.abi.json /Users/ionsocol/Library/Developer/Xcode/DerivedData/QuizFlash-cavanlznwptgdmfvvpeqonrhackf/Build/Products/Debug-iphoneos/PZCircularControl.swiftmodule/arm64-apple-ios.abi.json

Copy /Users/ionsocol/Library/Developer/Xcode/DerivedData/QuizFlash-cavanlznwptgdmfvvpeqonrhackf/Build/Products/Debug-iphoneos/PZCircularControl.swiftmodule/arm64-apple-ios.swiftmodule /Users/ionsocol/Library/Developer/Xcode/DerivedData/QuizFlash-cavanlznwptgdmfvvpeqonrhackf/Build/Intermediates.noindex/PZCircularControl.build/Debug-iphoneos/PZCircularControl.build/Objects-normal/arm64/PZCircularControl.swiftmodule (in target 'PZCircularControl' from project 'PZCircularControl')
    cd /Users/ionsocol/Library/Developer/Xcode/DerivedData/QuizFlash-cavanlznwptgdmfvvpeqonrhackf/SourcePackages/checkouts/PZCircularControl
    builtin-copy -exclude .DS_Store -exclude CVS -exclude .svn -exclude .git -exclude .hg -resolve-src-symlinks -rename /Users/ionsocol/Library/Developer/Xcode/DerivedData/QuizFlash-cavanlznwptgdmfvvpeqonrhackf/Build/Intermediates.noindex/PZCircularControl.build/Debug-iphoneos/PZCircularControl.build/Objects-normal/arm64/PZCircularControl.swiftmodule /Users/ionsocol/Library/Developer/Xcode/DerivedData/QuizFlash-cavanlznwptgdmfvvpeqonrhackf/Build/Products/Debug-iphoneos/PZCircularControl.swiftmodule/arm64-apple-ios.swiftmodule

Copy /Users/ionsocol/Library/Developer/Xcode/DerivedData/QuizFlash-cavanlznwptgdmfvvpeqonrhackf/Build/Products/Debug-iphoneos/PZCircularControl.swiftmodule/Project/arm64-apple-ios.swiftsourceinfo /Users/ionsocol/Library/Developer/Xcode/DerivedData/QuizFlash-cavanlznwptgdmfvvpeqonrhackf/Build/Intermediates.noindex/PZCircularControl.build/Debug-iphoneos/PZCircularControl.build/Objects-normal/arm64/PZCircularControl.swiftsourceinfo (in target 'PZCircularControl' from project 'PZCircularControl')
    cd /Users/ionsocol/Library/Developer/Xcode/DerivedData/QuizFlash-cavanlznwptgdmfvvpeqonrhackf/SourcePackages/checkouts/PZCircularControl
    builtin-copy -exclude .DS_Store -exclude CVS -exclude .svn -exclude .git -exclude .hg -resolve-src-symlinks -rename /Users/ionsocol/Library/Developer/Xcode/DerivedData/QuizFlash-cavanlznwptgdmfvvpeqonrhackf/Build/Intermediates.noindex/PZCircularControl.build/Debug-iphoneos/PZCircularControl.build/Objects-normal/arm64/PZCircularControl.swiftsourceinfo /Users/ionsocol/Library/Developer/Xcode/DerivedData/QuizFlash-cavanlznwptgdmfvvpeqonrhackf/Build/Products/Debug-iphoneos/PZCircularControl.swiftmodule/Project/arm64-apple-ios.swiftsourceinfo

ProcessProductPackaging "" /Users/ionsocol/Library/Developer/Xcode/DerivedData/QuizFlash-cavanlznwptgdmfvvpeqonrhackf/Build/Intermediates.noindex/QuizFlash.build/Debug-iphoneos/QuizFlash.build/QuizFlash.app.xcent (in target 'QuizFlash' from project 'QuizFlash')
    cd /Users/ionsocol/Documents/SWIFT/QuizFlash
    
    Entitlements:
    
    {
    "application-identifier" = "5GWQWWY8TR.com.sion.QuizFlash";
    "com.apple.developer.team-identifier" = 5GWQWWY8TR;
    "get-task-allow" = 1;
}
    
    builtin-productPackagingUtility -entitlements -format xml -o /Users/ionsocol/Library/Developer/Xcode/DerivedData/QuizFlash-cavanlznwptgdmfvvpeqonrhackf/Build/Intermediates.noindex/QuizFlash.build/Debug-iphoneos/QuizFlash.build/QuizFlash.app.xcent

ProcessProductPackaging /Users/ionsocol/Library/Developer/Xcode/UserData/Provisioning\ Profiles/4397e08b-5ffd-4a68-8f92-aa8475d647fb.mobileprovision /Users/ionsocol/Library/Developer/Xcode/DerivedData/QuizFlash-cavanlznwptgdmfvvpeqonrhackf/Build/Products/Debug-iphoneos/QuizFlash.app/embedded.mobileprovision (in target 'QuizFlash' from project 'QuizFlash')
    cd /Users/ionsocol/Documents/SWIFT/QuizFlash
    builtin-productPackagingUtility /Users/ionsocol/Library/Developer/Xcode/UserData/Provisioning\ Profiles/4397e08b-5ffd-4a68-8f92-aa8475d647fb.mobileprovision -o /Users/ionsocol/Library/Developer/Xcode/DerivedData/QuizFlash-cavanlznwptgdmfvvpeqonrhackf/Build/Products/Debug-iphoneos/QuizFlash.app/embedded.mobileprovision

ProcessProductPackagingDER /Users/ionsocol/Library/Developer/Xcode/DerivedData/QuizFlash-cavanlznwptgdmfvvpeqonrhackf/Build/Intermediates.noindex/QuizFlash.build/Debug-iphoneos/QuizFlash.build/QuizFlash.app.xcent /Users/ionsocol/Library/Developer/Xcode/DerivedData/QuizFlash-cavanlznwptgdmfvvpeqonrhackf/Build/Intermediates.noindex/QuizFlash.build/Debug-iphoneos/QuizFlash.build/QuizFlash.app.xcent.der (in target 'QuizFlash' from project 'QuizFlash')
    cd /Users/ionsocol/Documents/SWIFT/QuizFlash
    /usr/bin/derq query -f xml -i /Users/ionsocol/Library/Developer/Xcode/DerivedData/QuizFlash-cavanlznwptgdmfvvpeqonrhackf/Build/Intermediates.noindex/QuizFlash.build/Debug-iphoneos/QuizFlash.build/QuizFlash.app.xcent -o /Users/ionsocol/Library/Developer/Xcode/DerivedData/QuizFlash-cavanlznwptgdmfvvpeqonrhackf/Build/Intermediates.noindex/QuizFlash.build/Debug-iphoneos/QuizFlash.build/QuizFlash.app.xcent.der --raw

GenerateAssetSymbols /Users/ionsocol/Documents/SWIFT/QuizFlash/QuizFlash/App/Assets.xcassets (in target 'QuizFlash' from project 'QuizFlash')
    cd /Users/ionsocol/Documents/SWIFT/QuizFlash
    /Applications/Xcode.app/Contents/Developer/usr/bin/actool /Users/ionsocol/Documents/SWIFT/QuizFlash/QuizFlash/App/Assets.xcassets --compile /Users/ionsocol/Library/Developer/Xcode/DerivedData/QuizFlash-cavanlznwptgdmfvvpeqonrhackf/Build/Products/Debug-iphoneos/QuizFlash.app --output-format human-readable-text --notices --warnings --export-dependency-info /Users/ionsocol/Library/Developer/Xcode/DerivedData/QuizFlash-cavanlznwptgdmfvvpeqonrhackf/Build/Intermediates.noindex/QuizFlash.build/Debug-iphoneos/QuizFlash.build/assetcatalog_dependencies --output-partial-info-plist /Users/ionsocol/Library/Developer/Xcode/DerivedData/QuizFlash-cavanlznwptgdmfvvpeqonrhackf/Build/Intermediates.noindex/QuizFlash.build/Debug-iphoneos/QuizFlash.build/assetcatalog_generated_info.plist --app-icon AppIcon --accent-color AccentColor --compress-pngs --enable-on-demand-resources YES --development-region en --target-device iphone --target-device ipad --minimum-deployment-target 17 --platform iphoneos --bundle-identifier com.sion.QuizFlash --generate-swift-asset-symbols /Users/ionsocol/Library/Developer/Xcode/DerivedData/QuizFlash-cavanlznwptgdmfvvpeqonrhackf/Build/Intermediates.noindex/QuizFlash.build/Debug-iphoneos/QuizFlash.build/DerivedSources/GeneratedAssetSymbols.swift --generate-objc-asset-symbols /Users/ionsocol/Library/Developer/Xcode/DerivedData/QuizFlash-cavanlznwptgdmfvvpeqonrhackf/Build/Intermediates.noindex/QuizFlash.build/Debug-iphoneos/QuizFlash.build/DerivedSources/GeneratedAssetSymbols.h --generate-asset-symbol-index /Users/ionsocol/Library/Developer/Xcode/DerivedData/QuizFlash-cavanlznwptgdmfvvpeqonrhackf/Build/Intermediates.noindex/QuizFlash.build/Debug-iphoneos/QuizFlash.build/DerivedSources/GeneratedAssetSymbols-Index.plist
/* com.apple.actool.compilation-results */
/Users/ionsocol/Library/Developer/Xcode/DerivedData/QuizFlash-cavanlznwptgdmfvvpeqonrhackf/Build/Intermediates.noindex/QuizFlash.build/Debug-iphoneos/QuizFlash.build/DerivedSources/GeneratedAssetSymbols-Index.plist
/Users/ionsocol/Library/Developer/Xcode/DerivedData/QuizFlash-cavanlznwptgdmfvvpeqonrhackf/Build/Intermediates.noindex/QuizFlash.build/Debug-iphoneos/QuizFlash.build/DerivedSources/GeneratedAssetSymbols.h
/Users/ionsocol/Library/Developer/Xcode/DerivedData/QuizFlash-cavanlznwptgdmfvvpeqonrhackf/Build/Intermediates.noindex/QuizFlash.build/Debug-iphoneos/QuizFlash.build/DerivedSources/GeneratedAssetSymbols.swift


MkDir /Users/ionsocol/Library/Developer/Xcode/DerivedData/QuizFlash-cavanlznwptgdmfvvpeqonrhackf/Build/Intermediates.noindex/QuizFlash.build/Debug-iphoneos/QuizFlash.build/assetcatalog_output/thinned (in target 'QuizFlash' from project 'QuizFlash')
    cd /Users/ionsocol/Documents/SWIFT/QuizFlash
    /bin/mkdir -p /Users/ionsocol/Library/Developer/Xcode/DerivedData/QuizFlash-cavanlznwptgdmfvvpeqonrhackf/Build/Intermediates.noindex/QuizFlash.build/Debug-iphoneos/QuizFlash.build/assetcatalog_output/thinned

MkDir /Users/ionsocol/Library/Developer/Xcode/DerivedData/QuizFlash-cavanlznwptgdmfvvpeqonrhackf/Build/Intermediates.noindex/QuizFlash.build/Debug-iphoneos/QuizFlash.build/assetcatalog_output/unthinned (in target 'QuizFlash' from project 'QuizFlash')
    cd /Users/ionsocol/Documents/SWIFT/QuizFlash
    /bin/mkdir -p /Users/ionsocol/Library/Developer/Xcode/DerivedData/QuizFlash-cavanlznwptgdmfvvpeqonrhackf/Build/Intermediates.noindex/QuizFlash.build/Debug-iphoneos/QuizFlash.build/assetcatalog_output/unthinned

CompileAssetCatalogVariant thinned /Users/ionsocol/Library/Developer/Xcode/DerivedData/QuizFlash-cavanlznwptgdmfvvpeqonrhackf/Build/Products/Debug-iphoneos/QuizFlash.app /Users/ionsocol/Documents/SWIFT/QuizFlash/QuizFlash/App/Assets.xcassets (in target 'QuizFlash' from project 'QuizFlash')
    cd /Users/ionsocol/Documents/SWIFT/QuizFlash
    /Applications/Xcode.app/Contents/Developer/usr/bin/actool /Users/ionsocol/Documents/SWIFT/QuizFlash/QuizFlash/App/Assets.xcassets --compile /Users/ionsocol/Library/Developer/Xcode/DerivedData/QuizFlash-cavanlznwptgdmfvvpeqonrhackf/Build/Intermediates.noindex/QuizFlash.build/Debug-iphoneos/QuizFlash.build/assetcatalog_output/thinned --output-format human-readable-text --notices --warnings --export-dependency-info /Users/ionsocol/Library/Developer/Xcode/DerivedData/QuizFlash-cavanlznwptgdmfvvpeqonrhackf/Build/Intermediates.noindex/QuizFlash.build/Debug-iphoneos/QuizFlash.build/assetcatalog_dependencies_thinned --output-partial-info-plist /Users/ionsocol/Library/Developer/Xcode/DerivedData/QuizFlash-cavanlznwptgdmfvvpeqonrhackf/Build/Intermediates.noindex/QuizFlash.build/Debug-iphoneos/QuizFlash.build/assetcatalog_generated_info.plist_thinned --app-icon AppIcon --accent-color AccentColor --compress-pngs --enable-on-demand-resources YES --development-region en --target-device iphone --target-device ipad --minimum-deployment-target 17 --platform iphoneos
/* com.apple.actool.notices */
/Users/ionsocol/Documents/SWIFT/QuizFlash/QuizFlash/App/Assets.xcassets: warning: Accent color ‘AccentColor’ is not present in any asset catalogs.
/* com.apple.actool.compilation-results */
/Users/ionsocol/Library/Developer/Xcode/DerivedData/QuizFlash-cavanlznwptgdmfvvpeqonrhackf/Build/Intermediates.noindex/QuizFlash.build/Debug-iphoneos/QuizFlash.build/assetcatalog_generated_info.plist_thinned
/Users/ionsocol/Library/Developer/Xcode/DerivedData/QuizFlash-cavanlznwptgdmfvvpeqonrhackf/Build/Intermediates.noindex/QuizFlash.build/Debug-iphoneos/QuizFlash.build/assetcatalog_output/thinned/Assets.car


SwiftDriver QuizFlash normal arm64 com.apple.xcode.tools.swift.compiler (in target 'QuizFlash' from project 'QuizFlash')
    cd /Users/ionsocol/Documents/SWIFT/QuizFlash
    builtin-SwiftDriver -- /Applications/Xcode.app/Contents/Developer/Toolchains/XcodeDefault.xctoolchain/usr/bin/swiftc -module-name QuizFlash -Onone -enforce-exclusivity\=checked @/Users/ionsocol/Library/Developer/Xcode/DerivedData/QuizFlash-cavanlznwptgdmfvvpeqonrhackf/Build/Intermediates.noindex/QuizFlash.build/Debug-iphoneos/QuizFlash.build/Objects-normal/arm64/QuizFlash.SwiftFileList -DDEBUG -default-isolation\=MainActor -enable-bare-slash-regex -enable-upcoming-feature DisableOutwardActorInference -enable-upcoming-feature InferSendableFromCaptures -enable-upcoming-feature GlobalActorIsolatedTypesUsability -enable-upcoming-feature MemberImportVisibility -enable-upcoming-feature InferIsolatedConformances -enable-upcoming-feature NonisolatedNonsendingByDefault -enable-experimental-feature DebugDescriptionMacro -sdk /Applications/Xcode.app/Contents/Developer/Platforms/iPhoneOS.platform/Developer/SDKs/iPhoneOS26.2.sdk -target arm64-apple-ios17 -g -module-cache-path /Users/ionsocol/Library/Developer/Xcode/DerivedData/ModuleCache.noindex -Xfrontend -serialize-debugging-options -enable-testing -index-store-path /Users/ionsocol/Library/Developer/Xcode/DerivedData/QuizFlash-cavanlznwptgdmfvvpeqonrhackf/Index.noindex/DataStore -Xcc -D_LIBCPP_HARDENING_MODE\=_LIBCPP_HARDENING_MODE_DEBUG -swift-version 5 -I /Users/ionsocol/Library/Developer/Xcode/DerivedData/QuizFlash-cavanlznwptgdmfvvpeqonrhackf/Build/Products/Debug-iphoneos -F /Users/ionsocol/Library/Developer/Xcode/DerivedData/QuizFlash-cavanlznwptgdmfvvpeqonrhackf/Build/Products/Debug-iphoneos/PackageFrameworks -F /Users/ionsocol/Library/Developer/Xcode/DerivedData/QuizFlash-cavanlznwptgdmfvvpeqonrhackf/Build/Products/Debug-iphoneos -emit-localized-strings -emit-localized-strings-path /Users/ionsocol/Library/Developer/Xcode/DerivedData/QuizFlash-cavanlznwptgdmfvvpeqonrhackf/Build/Intermediates.noindex/QuizFlash.build/Debug-iphoneos/QuizFlash.build/Objects-normal/arm64 -c -j8 -enable-batch-mode -incremental -Xcc -ivfsstatcache -Xcc /Users/ionsocol/Library/Developer/Xcode/DerivedData/SDKStatCaches.noindex/iphoneos26.2-23C57-3794476bd08197c3e2abd9bb477ef7f7.sdkstatcache -output-file-map /Users/ionsocol/Library/Developer/Xcode/DerivedData/QuizFlash-cavanlznwptgdmfvvpeqonrhackf/Build/Intermediates.noindex/QuizFlash.build/Debug-iphoneos/QuizFlash.build/Objects-normal/arm64/QuizFlash-OutputFileMap.json -use-frontend-parseable-output -save-temps -no-color-diagnostics -explicit-module-build -module-cache-path /Users/ionsocol/Library/Developer/Xcode/DerivedData/QuizFlash-cavanlznwptgdmfvvpeqonrhackf/Build/Intermediates.noindex/SwiftExplicitPrecompiledModules -clang-scanner-module-cache-path /Users/ionsocol/Library/Developer/Xcode/DerivedData/ModuleCache.noindex -sdk-module-cache-path /Users/ionsocol/Library/Developer/Xcode/DerivedData/ModuleCache.noindex -serialize-diagnostics -emit-dependencies -emit-module -emit-module-path /Users/ionsocol/Library/Developer/Xcode/DerivedData/QuizFlash-cavanlznwptgdmfvvpeqonrhackf/Build/Intermediates.noindex/QuizFlash.build/Debug-iphoneos/QuizFlash.build/Objects-normal/arm64/QuizFlash.swiftmodule -validate-clang-modules-once -clang-build-session-file /Users/ionsocol/Library/Developer/Xcode/DerivedData/ModuleCache.noindex/Session.modulevalidation -Xcc -I/Users/ionsocol/Library/Developer/Xcode/DerivedData/QuizFlash-cavanlznwptgdmfvvpeqonrhackf/Build/Intermediates.noindex/QuizFlash.build/Debug-iphoneos/QuizFlash.build/swift-overrides.hmap -emit-const-values -Xfrontend -const-gather-protocols-file -Xfrontend /Users/ionsocol/Library/Developer/Xcode/DerivedData/QuizFlash-cavanlznwptgdmfvvpeqonrhackf/Build/Intermediates.noindex/QuizFlash.build/Debug-iphoneos/QuizFlash.build/Objects-normal/arm64/QuizFlash_const_extract_protocols.json -Xcc -iquote -Xcc /Users/ionsocol/Library/Developer/Xcode/DerivedData/QuizFlash-cavanlznwptgdmfvvpeqonrhackf/Build/Intermediates.noindex/QuizFlash.build/Debug-iphoneos/QuizFlash.build/QuizFlash-generated-files.hmap -Xcc -I/Users/ionsocol/Library/Developer/Xcode/DerivedData/QuizFlash-cavanlznwptgdmfvvpeqonrhackf/Build/Intermediates.noindex/QuizFlash.build/Debug-iphoneos/QuizFlash.build/QuizFlash-own-target-headers.hmap -Xcc -I/Users/ionsocol/Library/Developer/Xcode/DerivedData/QuizFlash-cavanlznwptgdmfvvpeqonrhackf/Build/Intermediates.noindex/QuizFlash.build/Debug-iphoneos/QuizFlash.build/QuizFlash-all-non-framework-target-headers.hmap -Xcc -ivfsoverlay -Xcc /Users/ionsocol/Library/Developer/Xcode/DerivedData/QuizFlash-cavanlznwptgdmfvvpeqonrhackf/Build/Intermediates.noindex/QuizFlash.build/Debug-iphoneos/QuizFlash-c31a8955d6ad4944cbb8f9f83f9850b1-VFS-iphoneos/all-product-headers.yaml -Xcc -iquote -Xcc /Users/ionsocol/Library/Developer/Xcode/DerivedData/QuizFlash-cavanlznwptgdmfvvpeqonrhackf/Build/Intermediates.noindex/QuizFlash.build/Debug-iphoneos/QuizFlash.build/QuizFlash-project-headers.hmap -Xcc -I/Users/ionsocol/Library/Developer/Xcode/DerivedData/QuizFlash-cavanlznwptgdmfvvpeqonrhackf/Build/Products/Debug-iphoneos/include -Xcc -I/Users/ionsocol/Library/Developer/Xcode/DerivedData/QuizFlash-cavanlznwptgdmfvvpeqonrhackf/Build/Intermediates.noindex/QuizFlash.build/Debug-iphoneos/QuizFlash.build/DerivedSources-normal/arm64 -Xcc -I/Users/ionsocol/Library/Developer/Xcode/DerivedData/QuizFlash-cavanlznwptgdmfvvpeqonrhackf/Build/Intermediates.noindex/QuizFlash.build/Debug-iphoneos/QuizFlash.build/DerivedSources/arm64 -Xcc -I/Users/ionsocol/Library/Developer/Xcode/DerivedData/QuizFlash-cavanlznwptgdmfvvpeqonrhackf/Build/Intermediates.noindex/QuizFlash.build/Debug-iphoneos/QuizFlash.build/DerivedSources -Xcc -DDEBUG\=1 -emit-objc-header -emit-objc-header-path /Users/ionsocol/Library/Developer/Xcode/DerivedData/QuizFlash-cavanlznwptgdmfvvpeqonrhackf/Build/Intermediates.noindex/QuizFlash.build/Debug-iphoneos/QuizFlash.build/Objects-normal/arm64/QuizFlash-Swift.h -working-directory /Users/ionsocol/Documents/SWIFT/QuizFlash -experimental-emit-module-separately -disable-cmo

SwiftDriverJobDiscovery normal arm64 Compiling EnvironmentValues+CircularControl.swift (in target 'PZCircularControl' from project 'PZCircularControl')

SwiftDriverJobDiscovery normal arm64 Compiling CircularControl.swift, CircularControlLabelFormat.swift (in target 'PZCircularControl' from project 'PZCircularControl')

SwiftDriverJobDiscovery normal arm64 Compiling CircularControl+Knob.swift, CircularControl+Track.swift (in target 'PZCircularControl' from project 'PZCircularControl')

SwiftDriver\ Compilation PZCircularControl normal arm64 com.apple.xcode.tools.swift.compiler (in target 'PZCircularControl' from project 'PZCircularControl')
    cd /Users/ionsocol/Documents/SWIFT/QuizFlash/QuizFlash.xcodeproj
    builtin-Swift-Compilation -- /Applications/Xcode.app/Contents/Developer/Toolchains/XcodeDefault.xctoolchain/usr/bin/swiftc -module-name PZCircularControl -Onone -enforce-exclusivity\=checked @/Users/ionsocol/Library/Developer/Xcode/DerivedData/QuizFlash-cavanlznwptgdmfvvpeqonrhackf/Build/Intermediates.noindex/PZCircularControl.build/Debug-iphoneos/PZCircularControl.build/Objects-normal/arm64/PZCircularControl.SwiftFileList -DSWIFT_PACKAGE -DDEBUG -DSWIFT_MODULE_RESOURCE_BUNDLE_UNAVAILABLE -DXcode -plugin-path /Applications/Xcode.app/Contents/Developer/Toolchains/XcodeDefault.xctoolchain/usr/lib/swift/host/plugins/testing -enable-experimental-feature DebugDescriptionMacro -sdk /Applications/Xcode.app/Contents/Developer/Platforms/iPhoneOS.platform/Developer/SDKs/iPhoneOS26.2.sdk -target arm64-apple-ios17.0 -g -module-cache-path /Users/ionsocol/Library/Developer/Xcode/DerivedData/ModuleCache.noindex -Xfrontend -serialize-debugging-options -enable-testing -suppress-warnings -index-store-path /Users/ionsocol/Library/Developer/Xcode/DerivedData/QuizFlash-cavanlznwptgdmfvvpeqonrhackf/Index.noindex/DataStore -Xcc -D_LIBCPP_HARDENING_MODE\=_LIBCPP_HARDENING_MODE_DEBUG -swift-version 6 -I /Users/ionsocol/Library/Developer/Xcode/DerivedData/QuizFlash-cavanlznwptgdmfvvpeqonrhackf/Build/Products/Debug-iphoneos -Isystem /Applications/Xcode.app/Contents/Developer/Platforms/iPhoneOS.platform/Developer/usr/lib -F /Users/ionsocol/Library/Developer/Xcode/DerivedData/QuizFlash-cavanlznwptgdmfvvpeqonrhackf/Build/Products/Debug-iphoneos -F /Applications/Xcode.app/Contents/Developer/Platforms/iPhoneOS.platform/Developer/Library/Frameworks -F /Applications/Xcode.app/Contents/Developer/Platforms/iPhoneOS.platform/Developer/SDKs/iPhoneOS26.2.sdk/Developer/Library/Frameworks -c -j8 -enable-batch-mode -incremental -Xcc -ivfsstatcache -Xcc /Users/ionsocol/Library/Developer/Xcode/DerivedData/SDKStatCaches.noindex/iphoneos26.2-23C57-3794476bd08197c3e2abd9bb477ef7f7.sdkstatcache -output-file-map /Users/ionsocol/Library/Developer/Xcode/DerivedData/QuizFlash-cavanlznwptgdmfvvpeqonrhackf/Build/Intermediates.noindex/PZCircularControl.build/Debug-iphoneos/PZCircularControl.build/Objects-normal/arm64/PZCircularControl-OutputFileMap.json -use-frontend-parseable-output -save-temps -no-color-diagnostics -explicit-module-build -module-cache-path /Users/ionsocol/Library/Developer/Xcode/DerivedData/QuizFlash-cavanlznwptgdmfvvpeqonrhackf/Build/Intermediates.noindex/SwiftExplicitPrecompiledModules -clang-scanner-module-cache-path /Users/ionsocol/Library/Developer/Xcode/DerivedData/ModuleCache.noindex -sdk-module-cache-path /Users/ionsocol/Library/Developer/Xcode/DerivedData/ModuleCache.noindex -serialize-diagnostics -emit-dependencies -emit-module -emit-module-path /Users/ionsocol/Library/Developer/Xcode/DerivedData/QuizFlash-cavanlznwptgdmfvvpeqonrhackf/Build/Intermediates.noindex/PZCircularControl.build/Debug-iphoneos/PZCircularControl.build/Objects-normal/arm64/PZCircularControl.swiftmodule -user-module-version 1.0.0 -validate-clang-modules-once -clang-build-session-file /Users/ionsocol/Library/Developer/Xcode/DerivedData/ModuleCache.noindex/Session.modulevalidation -package-name pzcircularcontrol -Xcc -I/Users/ionsocol/Library/Developer/Xcode/DerivedData/QuizFlash-cavanlznwptgdmfvvpeqonrhackf/Build/Intermediates.noindex/PZCircularControl.build/Debug-iphoneos/PZCircularControl.build/swift-overrides.hmap -emit-const-values -Xfrontend -const-gather-protocols-file -Xfrontend /Users/ionsocol/Library/Developer/Xcode/DerivedData/QuizFlash-cavanlznwptgdmfvvpeqonrhackf/Build/Intermediates.noindex/PZCircularControl.build/Debug-iphoneos/PZCircularControl.build/Objects-normal/arm64/PZCircularControl_const_extract_protocols.json -Xcc -I/Users/ionsocol/Library/Developer/Xcode/DerivedData/QuizFlash-cavanlznwptgdmfvvpeqonrhackf/Build/Products/Debug-iphoneos/include -Xcc -I/Users/ionsocol/Library/Developer/Xcode/DerivedData/QuizFlash-cavanlznwptgdmfvvpeqonrhackf/Build/Intermediates.noindex/PZCircularControl.build/Debug-iphoneos/PZCircularControl.build/DerivedSources-normal/arm64 -Xcc -I/Users/ionsocol/Library/Developer/Xcode/DerivedData/QuizFlash-cavanlznwptgdmfvvpeqonrhackf/Build/Intermediates.noindex/PZCircularControl.build/Debug-iphoneos/PZCircularControl.build/DerivedSources/arm64 -Xcc -I/Users/ionsocol/Library/Developer/Xcode/DerivedData/QuizFlash-cavanlznwptgdmfvvpeqonrhackf/Build/Intermediates.noindex/PZCircularControl.build/Debug-iphoneos/PZCircularControl.build/DerivedSources -Xcc -DSWIFT_PACKAGE -Xcc -DDEBUG\=1 -emit-objc-header -emit-objc-header-path /Users/ionsocol/Library/Developer/Xcode/DerivedData/QuizFlash-cavanlznwptgdmfvvpeqonrhackf/Build/Intermediates.noindex/PZCircularControl.build/Debug-iphoneos/PZCircularControl.build/Objects-normal/arm64/PZCircularControl-Swift.h -working-directory /Users/ionsocol/Documents/SWIFT/QuizFlash/QuizFlash.xcodeproj -experimental-emit-module-separately -disable-cmo

Ld /Users/ionsocol/Library/Developer/Xcode/DerivedData/QuizFlash-cavanlznwptgdmfvvpeqonrhackf/Build/Products/Debug-iphoneos/PZCircularControl.o normal (in target 'PZCircularControl' from project 'PZCircularControl')
    cd /Users/ionsocol/Library/Developer/Xcode/DerivedData/QuizFlash-cavanlznwptgdmfvvpeqonrhackf/SourcePackages/checkouts/PZCircularControl
    /Applications/Xcode.app/Contents/Developer/Toolchains/XcodeDefault.xctoolchain/usr/bin/clang -Xlinker -reproducible -target arm64-apple-ios17.0 -r -isysroot /Applications/Xcode.app/Contents/Developer/Platforms/iPhoneOS.platform/Developer/SDKs/iPhoneOS26.2.sdk -O0 -w -L/Users/ionsocol/Library/Developer/Xcode/DerivedData/QuizFlash-cavanlznwptgdmfvvpeqonrhackf/Build/Intermediates.noindex/EagerLinkingTBDs/Debug-iphoneos -L/Users/ionsocol/Library/Developer/Xcode/DerivedData/QuizFlash-cavanlznwptgdmfvvpeqonrhackf/Build/Products/Debug-iphoneos -L/Applications/Xcode.app/Contents/Developer/Platforms/iPhoneOS.platform/Developer/usr/lib -F/Users/ionsocol/Library/Developer/Xcode/DerivedData/QuizFlash-cavanlznwptgdmfvvpeqonrhackf/Build/Intermediates.noindex/EagerLinkingTBDs/Debug-iphoneos -F/Users/ionsocol/Library/Developer/Xcode/DerivedData/QuizFlash-cavanlznwptgdmfvvpeqonrhackf/Build/Products/Debug-iphoneos -iframework /Applications/Xcode.app/Contents/Developer/Platforms/iPhoneOS.platform/Developer/Library/Frameworks -iframework /Applications/Xcode.app/Contents/Developer/Platforms/iPhoneOS.platform/Developer/SDKs/iPhoneOS26.2.sdk/Developer/Library/Frameworks -filelist /Users/ionsocol/Library/Developer/Xcode/DerivedData/QuizFlash-cavanlznwptgdmfvvpeqonrhackf/Build/Intermediates.noindex/PZCircularControl.build/Debug-iphoneos/PZCircularControl.build/Objects-normal/arm64/PZCircularControl.LinkFileList -nostdlib -Xlinker -object_path_lto -Xlinker /Users/ionsocol/Library/Developer/Xcode/DerivedData/QuizFlash-cavanlznwptgdmfvvpeqonrhackf/Build/Intermediates.noindex/PZCircularControl.build/Debug-iphoneos/PZCircularControl.build/Objects-normal/arm64/PZCircularControl_lto.o -rdynamic -Xlinker -no_deduplicate -Xlinker -dependency_info -Xlinker /Users/ionsocol/Library/Developer/Xcode/DerivedData/QuizFlash-cavanlznwptgdmfvvpeqonrhackf/Build/Intermediates.noindex/PZCircularControl.build/Debug-iphoneos/PZCircularControl.build/Objects-normal/arm64/PZCircularControl_dependency_info.dat -fobjc-link-runtime -L/Applications/Xcode.app/Contents/Developer/Toolchains/XcodeDefault.xctoolchain/usr/lib/swift/iphoneos -L/usr/lib/swift -Xlinker -add_ast_path -Xlinker /Users/ionsocol/Library/Developer/Xcode/DerivedData/QuizFlash-cavanlznwptgdmfvvpeqonrhackf/Build/Intermediates.noindex/PZCircularControl.build/Debug-iphoneos/PZCircularControl.build/Objects-normal/arm64/PZCircularControl.swiftmodule @/Users/ionsocol/Library/Developer/Xcode/DerivedData/QuizFlash-cavanlznwptgdmfvvpeqonrhackf/Build/Intermediates.noindex/PZCircularControl.build/Debug-iphoneos/PZCircularControl.build/Objects-normal/arm64/PZCircularControl-linker-args.resp -o /Users/ionsocol/Library/Developer/Xcode/DerivedData/QuizFlash-cavanlznwptgdmfvvpeqonrhackf/Build/Products/Debug-iphoneos/PZCircularControl.o

ExtractAppIntentsMetadata (in target 'PZCircularControl' from project 'PZCircularControl')
    cd /Users/ionsocol/Library/Developer/Xcode/DerivedData/QuizFlash-cavanlznwptgdmfvvpeqonrhackf/SourcePackages/checkouts/PZCircularControl
    /Applications/Xcode.app/Contents/Developer/Toolchains/XcodeDefault.xctoolchain/usr/bin/appintentsmetadataprocessor --toolchain-dir /Applications/Xcode.app/Contents/Developer/Toolchains/XcodeDefault.xctoolchain --module-name PZCircularControl --sdk-root /Applications/Xcode.app/Contents/Developer/Platforms/iPhoneOS.platform/Developer/SDKs/iPhoneOS26.2.sdk --xcode-version 17C529 --platform-family iOS --deployment-target 17.0 --bundle-identifier pzcircularcontrol.PZCircularControl --output /Users/ionsocol/Library/Developer/Xcode/DerivedData/QuizFlash-cavanlznwptgdmfvvpeqonrhackf/Build/Products/Debug-iphoneos/PZCircularControl.appintents --target-triple arm64-apple-ios17.0 --binary-file /Users/ionsocol/Library/Developer/Xcode/DerivedData/QuizFlash-cavanlznwptgdmfvvpeqonrhackf/Build/Products/Debug-iphoneos/PZCircularControl.o --dependency-file /Users/ionsocol/Library/Developer/Xcode/DerivedData/QuizFlash-cavanlznwptgdmfvvpeqonrhackf/Build/Intermediates.noindex/PZCircularControl.build/Debug-iphoneos/PZCircularControl.build/Objects-normal/arm64/PZCircularControl_dependency_info.dat --stringsdata-file /Users/ionsocol/Library/Developer/Xcode/DerivedData/QuizFlash-cavanlznwptgdmfvvpeqonrhackf/Build/Intermediates.noindex/PZCircularControl.build/Debug-iphoneos/PZCircularControl.build/Objects-normal/arm64/ExtractedAppShortcutsMetadata.stringsdata --source-file-list /Users/ionsocol/Library/Developer/Xcode/DerivedData/QuizFlash-cavanlznwptgdmfvvpeqonrhackf/Build/Intermediates.noindex/PZCircularControl.build/Debug-iphoneos/PZCircularControl.build/Objects-normal/arm64/PZCircularControl.SwiftFileList --metadata-file-list /Users/ionsocol/Library/Developer/Xcode/DerivedData/QuizFlash-cavanlznwptgdmfvvpeqonrhackf/Build/Intermediates.noindex/PZCircularControl.build/Debug-iphoneos/PZCircularControl.build/PZCircularControl.DependencyMetadataFileList --static-metadata-file-list /Users/ionsocol/Library/Developer/Xcode/DerivedData/QuizFlash-cavanlznwptgdmfvvpeqonrhackf/Build/Intermediates.noindex/PZCircularControl.build/Debug-iphoneos/PZCircularControl.build/PZCircularControl.DependencyStaticMetadataFileList --swift-const-vals-list /Users/ionsocol/Library/Developer/Xcode/DerivedData/QuizFlash-cavanlznwptgdmfvvpeqonrhackf/Build/Intermediates.noindex/PZCircularControl.build/Debug-iphoneos/PZCircularControl.build/Objects-normal/arm64/PZCircularControl.SwiftConstValuesFileList --force --compile-time-extraction --deployment-aware-processing --validate-assistant-intents --no-app-shortcuts-localization
2026-03-15 04:55:08.786 appintentsmetadataprocessor[14892:16920560] Starting appintentsmetadataprocessor export
2026-03-15 04:55:08.959 appintentsmetadataprocessor[14892:16920560] Extracted no relevant App Intents symbols, skipping writing output

RegisterExecutionPolicyException /Users/ionsocol/Library/Developer/Xcode/DerivedData/QuizFlash-cavanlznwptgdmfvvpeqonrhackf/Build/Products/Debug-iphoneos/PZCircularControl.o (in target 'PZCircularControl' from project 'PZCircularControl')
    cd /Users/ionsocol/Library/Developer/Xcode/DerivedData/QuizFlash-cavanlznwptgdmfvvpeqonrhackf/SourcePackages/checkouts/PZCircularControl
    builtin-RegisterExecutionPolicyException /Users/ionsocol/Library/Developer/Xcode/DerivedData/QuizFlash-cavanlznwptgdmfvvpeqonrhackf/Build/Products/Debug-iphoneos/PZCircularControl.o

CpResource /Users/ionsocol/Library/Developer/Xcode/DerivedData/QuizFlash-cavanlznwptgdmfvvpeqonrhackf/Build/Products/Debug-iphoneos/QuizFlash.app/katex.min.js /Users/ionsocol/Documents/SWIFT/QuizFlash/katex.min.js (in target 'QuizFlash' from project 'QuizFlash')
    cd /Users/ionsocol/Documents/SWIFT/QuizFlash
    builtin-copy -exclude .DS_Store -exclude CVS -exclude .svn -exclude .git -exclude .hg -resolve-src-symlinks /Users/ionsocol/Documents/SWIFT/QuizFlash/katex.min.js /Users/ionsocol/Library/Developer/Xcode/DerivedData/QuizFlash-cavanlznwptgdmfvvpeqonrhackf/Build/Products/Debug-iphoneos/QuizFlash.app

CpResource /Users/ionsocol/Library/Developer/Xcode/DerivedData/QuizFlash-cavanlznwptgdmfvvpeqonrhackf/Build/Products/Debug-iphoneos/QuizFlash.app/katex.min.css /Users/ionsocol/Documents/SWIFT/QuizFlash/katex.min.css (in target 'QuizFlash' from project 'QuizFlash')
    cd /Users/ionsocol/Documents/SWIFT/QuizFlash
    builtin-copy -exclude .DS_Store -exclude CVS -exclude .svn -exclude .git -exclude .hg -resolve-src-symlinks /Users/ionsocol/Documents/SWIFT/QuizFlash/katex.min.css /Users/ionsocol/Library/Developer/Xcode/DerivedData/QuizFlash-cavanlznwptgdmfvvpeqonrhackf/Build/Products/Debug-iphoneos/QuizFlash.app

CpResource /Users/ionsocol/Library/Developer/Xcode/DerivedData/QuizFlash-cavanlznwptgdmfvvpeqonrhackf/Build/Products/Debug-iphoneos/QuizFlash.app/build_output.log /Users/ionsocol/Documents/SWIFT/QuizFlash/QuizFlash/build_output.log (in target 'QuizFlash' from project 'QuizFlash')
    cd /Users/ionsocol/Documents/SWIFT/QuizFlash
    builtin-copy -exclude .DS_Store -exclude CVS -exclude .svn -exclude .git -exclude .hg -resolve-src-symlinks /Users/ionsocol/Documents/SWIFT/QuizFlash/QuizFlash/build_output.log /Users/ionsocol/Library/Developer/Xcode/DerivedData/QuizFlash-cavanlznwptgdmfvvpeqonrhackf/Build/Products/Debug-iphoneos/QuizFlash.app

CpResource /Users/ionsocol/Library/Developer/Xcode/DerivedData/QuizFlash-cavanlznwptgdmfvvpeqonrhackf/Build/Products/Debug-iphoneos/QuizFlash.app/build_errors.log /Users/ionsocol/Documents/SWIFT/QuizFlash/QuizFlash/build_errors.log (in target 'QuizFlash' from project 'QuizFlash')
    cd /Users/ionsocol/Documents/SWIFT/QuizFlash
    builtin-copy -exclude .DS_Store -exclude CVS -exclude .svn -exclude .git -exclude .hg -resolve-src-symlinks /Users/ionsocol/Documents/SWIFT/QuizFlash/QuizFlash/build_errors.log /Users/ionsocol/Library/Developer/Xcode/DerivedData/QuizFlash-cavanlznwptgdmfvvpeqonrhackf/Build/Products/Debug-iphoneos/QuizFlash.app

CpResource /Users/ionsocol/Library/Developer/Xcode/DerivedData/QuizFlash-cavanlznwptgdmfvvpeqonrhackf/Build/Products/Debug-iphoneos/QuizFlash.app/project-map.md /Users/ionsocol/Documents/SWIFT/QuizFlash/QuizFlash/.agents/skills/appArchitectureGuide/project-map.md (in target 'QuizFlash' from project 'QuizFlash')
    cd /Users/ionsocol/Documents/SWIFT/QuizFlash
    builtin-copy -exclude .DS_Store -exclude CVS -exclude .svn -exclude .git -exclude .hg -resolve-src-symlinks /Users/ionsocol/Documents/SWIFT/QuizFlash/QuizFlash/.agents/skills/appArchitectureGuide/project-map.md /Users/ionsocol/Library/Developer/Xcode/DerivedData/QuizFlash-cavanlznwptgdmfvvpeqonrhackf/Build/Products/Debug-iphoneos/QuizFlash.app

CpResource /Users/ionsocol/Library/Developer/Xcode/DerivedData/QuizFlash-cavanlznwptgdmfvvpeqonrhackf/Build/Products/Debug-iphoneos/QuizFlash.app/auto-render.min.js /Users/ionsocol/Documents/SWIFT/QuizFlash/auto-render.min.js (in target 'QuizFlash' from project 'QuizFlash')
    cd /Users/ionsocol/Documents/SWIFT/QuizFlash
    builtin-copy -exclude .DS_Store -exclude CVS -exclude .svn -exclude .git -exclude .hg -resolve-src-symlinks /Users/ionsocol/Documents/SWIFT/QuizFlash/auto-render.min.js /Users/ionsocol/Library/Developer/Xcode/DerivedData/QuizFlash-cavanlznwptgdmfvvpeqonrhackf/Build/Products/Debug-iphoneos/QuizFlash.app

Ld /Users/ionsocol/Library/Developer/Xcode/DerivedData/QuizFlash-cavanlznwptgdmfvvpeqonrhackf/Build/Products/Debug-iphoneos/QuizFlash.app/__preview.dylib normal (in target 'QuizFlash' from project 'QuizFlash')
    cd /Users/ionsocol/Documents/SWIFT/QuizFlash
    /Applications/Xcode.app/Contents/Developer/Toolchains/XcodeDefault.xctoolchain/usr/bin/clang -Xlinker -reproducible -target arm64-apple-ios17 -dynamiclib -isysroot /Applications/Xcode.app/Contents/Developer/Platforms/iPhoneOS.platform/Developer/SDKs/iPhoneOS26.2.sdk -O0 -L/Users/ionsocol/Library/Developer/Xcode/DerivedData/QuizFlash-cavanlznwptgdmfvvpeqonrhackf/Build/Products/Debug-iphoneos -F/Users/ionsocol/Library/Developer/Xcode/DerivedData/QuizFlash-cavanlznwptgdmfvvpeqonrhackf/Build/Products/Debug-iphoneos/PackageFrameworks -F/Users/ionsocol/Library/Developer/Xcode/DerivedData/QuizFlash-cavanlznwptgdmfvvpeqonrhackf/Build/Products/Debug-iphoneos -install_name @rpath/QuizFlash.debug.dylib -dead_strip -rdynamic -Xlinker -no_deduplicate -Xlinker -dependency_info -Xlinker /Users/ionsocol/Library/Developer/Xcode/DerivedData/QuizFlash-cavanlznwptgdmfvvpeqonrhackf/Build/Intermediates.noindex/QuizFlash.build/Debug-iphoneos/QuizFlash.build/Objects-normal/arm64/QuizFlash_dependency_info.dat -Xlinker -no_adhoc_codesign -o /Users/ionsocol/Library/Developer/Xcode/DerivedData/QuizFlash-cavanlznwptgdmfvvpeqonrhackf/Build/Products/Debug-iphoneos/QuizFlash.app/__preview.dylib

CpResource /Users/ionsocol/Library/Developer/Xcode/DerivedData/QuizFlash-cavanlznwptgdmfvvpeqonrhackf/Build/Products/Debug-iphoneos/QuizFlash.app/architecture.md /Users/ionsocol/Documents/SWIFT/QuizFlash/QuizFlash/.agents/skills/appArchitectureGuide/architecture.md (in target 'QuizFlash' from project 'QuizFlash')
    cd /Users/ionsocol/Documents/SWIFT/QuizFlash
    builtin-copy -exclude .DS_Store -exclude CVS -exclude .svn -exclude .git -exclude .hg -resolve-src-symlinks /Users/ionsocol/Documents/SWIFT/QuizFlash/QuizFlash/.agents/skills/appArchitectureGuide/architecture.md /Users/ionsocol/Library/Developer/Xcode/DerivedData/QuizFlash-cavanlznwptgdmfvvpeqonrhackf/Build/Products/Debug-iphoneos/QuizFlash.app

CpResource /Users/ionsocol/Library/Developer/Xcode/DerivedData/QuizFlash-cavanlznwptgdmfvvpeqonrhackf/Build/Products/Debug-iphoneos/QuizFlash.app/SKILL.md /Users/ionsocol/Documents/SWIFT/QuizFlash/QuizFlash/.agents/skills/appArchitectureGuide/SKILL.md (in target 'QuizFlash' from project 'QuizFlash')
    cd /Users/ionsocol/Documents/SWIFT/QuizFlash
    builtin-copy -exclude .DS_Store -exclude CVS -exclude .svn -exclude .git -exclude .hg -resolve-src-symlinks /Users/ionsocol/Documents/SWIFT/QuizFlash/QuizFlash/.agents/skills/appArchitectureGuide/SKILL.md /Users/ionsocol/Library/Developer/Xcode/DerivedData/QuizFlash-cavanlznwptgdmfvvpeqonrhackf/Build/Products/Debug-iphoneos/QuizFlash.app

CpResource /Users/ionsocol/Library/Developer/Xcode/DerivedData/QuizFlash-cavanlznwptgdmfvvpeqonrhackf/Build/Products/Debug-iphoneos/QuizFlash.app/KaTeX_Typewriter-Regular.woff2 /Users/ionsocol/Documents/SWIFT/QuizFlash/fonts/KaTeX_Typewriter-Regular.woff2 (in target 'QuizFlash' from project 'QuizFlash')
    cd /Users/ionsocol/Documents/SWIFT/QuizFlash
    builtin-copy -exclude .DS_Store -exclude CVS -exclude .svn -exclude .git -exclude .hg -resolve-src-symlinks /Users/ionsocol/Documents/SWIFT/QuizFlash/fonts/KaTeX_Typewriter-Regular.woff2 /Users/ionsocol/Library/Developer/Xcode/DerivedData/QuizFlash-cavanlznwptgdmfvvpeqonrhackf/Build/Products/Debug-iphoneos/QuizFlash.app

CpResource /Users/ionsocol/Library/Developer/Xcode/DerivedData/QuizFlash-cavanlznwptgdmfvvpeqonrhackf/Build/Products/Debug-iphoneos/QuizFlash.app/KaTeX_Typewriter-Regular.woff /Users/ionsocol/Documents/SWIFT/QuizFlash/fonts/KaTeX_Typewriter-Regular.woff (in target 'QuizFlash' from project 'QuizFlash')
    cd /Users/ionsocol/Documents/SWIFT/QuizFlash
    builtin-copy -exclude .DS_Store -exclude CVS -exclude .svn -exclude .git -exclude .hg -resolve-src-symlinks /Users/ionsocol/Documents/SWIFT/QuizFlash/fonts/KaTeX_Typewriter-Regular.woff /Users/ionsocol/Library/Developer/Xcode/DerivedData/QuizFlash-cavanlznwptgdmfvvpeqonrhackf/Build/Products/Debug-iphoneos/QuizFlash.app

CpResource /Users/ionsocol/Library/Developer/Xcode/DerivedData/QuizFlash-cavanlznwptgdmfvvpeqonrhackf/Build/Products/Debug-iphoneos/QuizFlash.app/KaTeX_Typewriter-Regular.ttf /Users/ionsocol/Documents/SWIFT/QuizFlash/fonts/KaTeX_Typewriter-Regular.ttf (in target 'QuizFlash' from project 'QuizFlash')
    cd /Users/ionsocol/Documents/SWIFT/QuizFlash
    builtin-copy -exclude .DS_Store -exclude CVS -exclude .svn -exclude .git -exclude .hg -resolve-src-symlinks /Users/ionsocol/Documents/SWIFT/QuizFlash/fonts/KaTeX_Typewriter-Regular.ttf /Users/ionsocol/Library/Developer/Xcode/DerivedData/QuizFlash-cavanlznwptgdmfvvpeqonrhackf/Build/Products/Debug-iphoneos/QuizFlash.app

CpResource /Users/ionsocol/Library/Developer/Xcode/DerivedData/QuizFlash-cavanlznwptgdmfvvpeqonrhackf/Build/Products/Debug-iphoneos/QuizFlash.app/KaTeX_Size4-Regular.woff2 /Users/ionsocol/Documents/SWIFT/QuizFlash/fonts/KaTeX_Size4-Regular.woff2 (in target 'QuizFlash' from project 'QuizFlash')
    cd /Users/ionsocol/Documents/SWIFT/QuizFlash
    builtin-copy -exclude .DS_Store -exclude CVS -exclude .svn -exclude .git -exclude .hg -resolve-src-symlinks /Users/ionsocol/Documents/SWIFT/QuizFlash/fonts/KaTeX_Size4-Regular.woff2 /Users/ionsocol/Library/Developer/Xcode/DerivedData/QuizFlash-cavanlznwptgdmfvvpeqonrhackf/Build/Products/Debug-iphoneos/QuizFlash.app

CpResource /Users/ionsocol/Library/Developer/Xcode/DerivedData/QuizFlash-cavanlznwptgdmfvvpeqonrhackf/Build/Products/Debug-iphoneos/QuizFlash.app/KaTeX_Size4-Regular.woff /Users/ionsocol/Documents/SWIFT/QuizFlash/fonts/KaTeX_Size4-Regular.woff (in target 'QuizFlash' from project 'QuizFlash')
    cd /Users/ionsocol/Documents/SWIFT/QuizFlash
    builtin-copy -exclude .DS_Store -exclude CVS -exclude .svn -exclude .git -exclude .hg -resolve-src-symlinks /Users/ionsocol/Documents/SWIFT/QuizFlash/fonts/KaTeX_Size4-Regular.woff /Users/ionsocol/Library/Developer/Xcode/DerivedData/QuizFlash-cavanlznwptgdmfvvpeqonrhackf/Build/Products/Debug-iphoneos/QuizFlash.app

CpResource /Users/ionsocol/Library/Developer/Xcode/DerivedData/QuizFlash-cavanlznwptgdmfvvpeqonrhackf/Build/Products/Debug-iphoneos/QuizFlash.app/KaTeX_Size4-Regular.ttf /Users/ionsocol/Documents/SWIFT/QuizFlash/fonts/KaTeX_Size4-Regular.ttf (in target 'QuizFlash' from project 'QuizFlash')
    cd /Users/ionsocol/Documents/SWIFT/QuizFlash
    builtin-copy -exclude .DS_Store -exclude CVS -exclude .svn -exclude .git -exclude .hg -resolve-src-symlinks /Users/ionsocol/Documents/SWIFT/QuizFlash/fonts/KaTeX_Size4-Regular.ttf /Users/ionsocol/Library/Developer/Xcode/DerivedData/QuizFlash-cavanlznwptgdmfvvpeqonrhackf/Build/Products/Debug-iphoneos/QuizFlash.app

CpResource /Users/ionsocol/Library/Developer/Xcode/DerivedData/QuizFlash-cavanlznwptgdmfvvpeqonrhackf/Build/Products/Debug-iphoneos/QuizFlash.app/KaTeX_Size3-Regular.woff2 /Users/ionsocol/Documents/SWIFT/QuizFlash/fonts/KaTeX_Size3-Regular.woff2 (in target 'QuizFlash' from project 'QuizFlash')
    cd /Users/ionsocol/Documents/SWIFT/QuizFlash
    builtin-copy -exclude .DS_Store -exclude CVS -exclude .svn -exclude .git -exclude .hg -resolve-src-symlinks /Users/ionsocol/Documents/SWIFT/QuizFlash/fonts/KaTeX_Size3-Regular.woff2 /Users/ionsocol/Library/Developer/Xcode/DerivedData/QuizFlash-cavanlznwptgdmfvvpeqonrhackf/Build/Products/Debug-iphoneos/QuizFlash.app

CpResource /Users/ionsocol/Library/Developer/Xcode/DerivedData/QuizFlash-cavanlznwptgdmfvvpeqonrhackf/Build/Products/Debug-iphoneos/QuizFlash.app/KaTeX_Size3-Regular.woff /Users/ionsocol/Documents/SWIFT/QuizFlash/fonts/KaTeX_Size3-Regular.woff (in target 'QuizFlash' from project 'QuizFlash')
    cd /Users/ionsocol/Documents/SWIFT/QuizFlash
    builtin-copy -exclude .DS_Store -exclude CVS -exclude .svn -exclude .git -exclude .hg -resolve-src-symlinks /Users/ionsocol/Documents/SWIFT/QuizFlash/fonts/KaTeX_Size3-Regular.woff /Users/ionsocol/Library/Developer/Xcode/DerivedData/QuizFlash-cavanlznwptgdmfvvpeqonrhackf/Build/Products/Debug-iphoneos/QuizFlash.app

CpResource /Users/ionsocol/Library/Developer/Xcode/DerivedData/QuizFlash-cavanlznwptgdmfvvpeqonrhackf/Build/Products/Debug-iphoneos/QuizFlash.app/KaTeX_Size3-Regular.ttf /Users/ionsocol/Documents/SWIFT/QuizFlash/fonts/KaTeX_Size3-Regular.ttf (in target 'QuizFlash' from project 'QuizFlash')
    cd /Users/ionsocol/Documents/SWIFT/QuizFlash
    builtin-copy -exclude .DS_Store -exclude CVS -exclude .svn -exclude .git -exclude .hg -resolve-src-symlinks /Users/ionsocol/Documents/SWIFT/QuizFlash/fonts/KaTeX_Size3-Regular.ttf /Users/ionsocol/Library/Developer/Xcode/DerivedData/QuizFlash-cavanlznwptgdmfvvpeqonrhackf/Build/Products/Debug-iphoneos/QuizFlash.app

CpResource /Users/ionsocol/Library/Developer/Xcode/DerivedData/QuizFlash-cavanlznwptgdmfvvpeqonrhackf/Build/Products/Debug-iphoneos/QuizFlash.app/KaTeX_Size2-Regular.woff2 /Users/ionsocol/Documents/SWIFT/QuizFlash/fonts/KaTeX_Size2-Regular.woff2 (in target 'QuizFlash' from project 'QuizFlash')
    cd /Users/ionsocol/Documents/SWIFT/QuizFlash
    builtin-copy -exclude .DS_Store -exclude CVS -exclude .svn -exclude .git -exclude .hg -resolve-src-symlinks /Users/ionsocol/Documents/SWIFT/QuizFlash/fonts/KaTeX_Size2-Regular.woff2 /Users/ionsocol/Library/Developer/Xcode/DerivedData/QuizFlash-cavanlznwptgdmfvvpeqonrhackf/Build/Products/Debug-iphoneos/QuizFlash.app

CpResource /Users/ionsocol/Library/Developer/Xcode/DerivedData/QuizFlash-cavanlznwptgdmfvvpeqonrhackf/Build/Products/Debug-iphoneos/QuizFlash.app/KaTeX_Size2-Regular.woff /Users/ionsocol/Documents/SWIFT/QuizFlash/fonts/KaTeX_Size2-Regular.woff (in target 'QuizFlash' from project 'QuizFlash')
    cd /Users/ionsocol/Documents/SWIFT/QuizFlash
    builtin-copy -exclude .DS_Store -exclude CVS -exclude .svn -exclude .git -exclude .hg -resolve-src-symlinks /Users/ionsocol/Documents/SWIFT/QuizFlash/fonts/KaTeX_Size2-Regular.woff /Users/ionsocol/Library/Developer/Xcode/DerivedData/QuizFlash-cavanlznwptgdmfvvpeqonrhackf/Build/Products/Debug-iphoneos/QuizFlash.app

CpResource /Users/ionsocol/Library/Developer/Xcode/DerivedData/QuizFlash-cavanlznwptgdmfvvpeqonrhackf/Build/Products/Debug-iphoneos/QuizFlash.app/KaTeX_Size2-Regular.ttf /Users/ionsocol/Documents/SWIFT/QuizFlash/fonts/KaTeX_Size2-Regular.ttf (in target 'QuizFlash' from project 'QuizFlash')
    cd /Users/ionsocol/Documents/SWIFT/QuizFlash
    builtin-copy -exclude .DS_Store -exclude CVS -exclude .svn -exclude .git -exclude .hg -resolve-src-symlinks /Users/ionsocol/Documents/SWIFT/QuizFlash/fonts/KaTeX_Size2-Regular.ttf /Users/ionsocol/Library/Developer/Xcode/DerivedData/QuizFlash-cavanlznwptgdmfvvpeqonrhackf/Build/Products/Debug-iphoneos/QuizFlash.app

CpResource /Users/ionsocol/Library/Developer/Xcode/DerivedData/QuizFlash-cavanlznwptgdmfvvpeqonrhackf/Build/Products/Debug-iphoneos/QuizFlash.app/KaTeX_Size1-Regular.woff2 /Users/ionsocol/Documents/SWIFT/QuizFlash/fonts/KaTeX_Size1-Regular.woff2 (in target 'QuizFlash' from project 'QuizFlash')
    cd /Users/ionsocol/Documents/SWIFT/QuizFlash
    builtin-copy -exclude .DS_Store -exclude CVS -exclude .svn -exclude .git -exclude .hg -resolve-src-symlinks /Users/ionsocol/Documents/SWIFT/QuizFlash/fonts/KaTeX_Size1-Regular.woff2 /Users/ionsocol/Library/Developer/Xcode/DerivedData/QuizFlash-cavanlznwptgdmfvvpeqonrhackf/Build/Products/Debug-iphoneos/QuizFlash.app

CpResource /Users/ionsocol/Library/Developer/Xcode/DerivedData/QuizFlash-cavanlznwptgdmfvvpeqonrhackf/Build/Products/Debug-iphoneos/QuizFlash.app/KaTeX_Size1-Regular.woff /Users/ionsocol/Documents/SWIFT/QuizFlash/fonts/KaTeX_Size1-Regular.woff (in target 'QuizFlash' from project 'QuizFlash')
    cd /Users/ionsocol/Documents/SWIFT/QuizFlash
    builtin-copy -exclude .DS_Store -exclude CVS -exclude .svn -exclude .git -exclude .hg -resolve-src-symlinks /Users/ionsocol/Documents/SWIFT/QuizFlash/fonts/KaTeX_Size1-Regular.woff /Users/ionsocol/Library/Developer/Xcode/DerivedData/QuizFlash-cavanlznwptgdmfvvpeqonrhackf/Build/Products/Debug-iphoneos/QuizFlash.app

CpResource /Users/ionsocol/Library/Developer/Xcode/DerivedData/QuizFlash-cavanlznwptgdmfvvpeqonrhackf/Build/Products/Debug-iphoneos/QuizFlash.app/KaTeX_Size1-Regular.ttf /Users/ionsocol/Documents/SWIFT/QuizFlash/fonts/KaTeX_Size1-Regular.ttf (in target 'QuizFlash' from project 'QuizFlash')
    cd /Users/ionsocol/Documents/SWIFT/QuizFlash
    builtin-copy -exclude .DS_Store -exclude CVS -exclude .svn -exclude .git -exclude .hg -resolve-src-symlinks /Users/ionsocol/Documents/SWIFT/QuizFlash/fonts/KaTeX_Size1-Regular.ttf /Users/ionsocol/Library/Developer/Xcode/DerivedData/QuizFlash-cavanlznwptgdmfvvpeqonrhackf/Build/Products/Debug-iphoneos/QuizFlash.app

CpResource /Users/ionsocol/Library/Developer/Xcode/DerivedData/QuizFlash-cavanlznwptgdmfvvpeqonrhackf/Build/Products/Debug-iphoneos/QuizFlash.app/KaTeX_Script-Regular.woff2 /Users/ionsocol/Documents/SWIFT/QuizFlash/fonts/KaTeX_Script-Regular.woff2 (in target 'QuizFlash' from project 'QuizFlash')
    cd /Users/ionsocol/Documents/SWIFT/QuizFlash
    builtin-copy -exclude .DS_Store -exclude CVS -exclude .svn -exclude .git -exclude .hg -resolve-src-symlinks /Users/ionsocol/Documents/SWIFT/QuizFlash/fonts/KaTeX_Script-Regular.woff2 /Users/ionsocol/Library/Developer/Xcode/DerivedData/QuizFlash-cavanlznwptgdmfvvpeqonrhackf/Build/Products/Debug-iphoneos/QuizFlash.app

CpResource /Users/ionsocol/Library/Developer/Xcode/DerivedData/QuizFlash-cavanlznwptgdmfvvpeqonrhackf/Build/Products/Debug-iphoneos/QuizFlash.app/KaTeX_Script-Regular.woff /Users/ionsocol/Documents/SWIFT/QuizFlash/fonts/KaTeX_Script-Regular.woff (in target 'QuizFlash' from project 'QuizFlash')
    cd /Users/ionsocol/Documents/SWIFT/QuizFlash
    builtin-copy -exclude .DS_Store -exclude CVS -exclude .svn -exclude .git -exclude .hg -resolve-src-symlinks /Users/ionsocol/Documents/SWIFT/QuizFlash/fonts/KaTeX_Script-Regular.woff /Users/ionsocol/Library/Developer/Xcode/DerivedData/QuizFlash-cavanlznwptgdmfvvpeqonrhackf/Build/Products/Debug-iphoneos/QuizFlash.app

CpResource /Users/ionsocol/Library/Developer/Xcode/DerivedData/QuizFlash-cavanlznwptgdmfvvpeqonrhackf/Build/Products/Debug-iphoneos/QuizFlash.app/KaTeX_Script-Regular.ttf /Users/ionsocol/Documents/SWIFT/QuizFlash/fonts/KaTeX_Script-Regular.ttf (in target 'QuizFlash' from project 'QuizFlash')
    cd /Users/ionsocol/Documents/SWIFT/QuizFlash
    builtin-copy -exclude .DS_Store -exclude CVS -exclude .svn -exclude .git -exclude .hg -resolve-src-symlinks /Users/ionsocol/Documents/SWIFT/QuizFlash/fonts/KaTeX_Script-Regular.ttf /Users/ionsocol/Library/Developer/Xcode/DerivedData/QuizFlash-cavanlznwptgdmfvvpeqonrhackf/Build/Products/Debug-iphoneos/QuizFlash.app

CpResource /Users/ionsocol/Library/Developer/Xcode/DerivedData/QuizFlash-cavanlznwptgdmfvvpeqonrhackf/Build/Products/Debug-iphoneos/QuizFlash.app/KaTeX_SansSerif-Regular.woff2 /Users/ionsocol/Documents/SWIFT/QuizFlash/fonts/KaTeX_SansSerif-Regular.woff2 (in target 'QuizFlash' from project 'QuizFlash')
    cd /Users/ionsocol/Documents/SWIFT/QuizFlash
    builtin-copy -exclude .DS_Store -exclude CVS -exclude .svn -exclude .git -exclude .hg -resolve-src-symlinks /Users/ionsocol/Documents/SWIFT/QuizFlash/fonts/KaTeX_SansSerif-Regular.woff2 /Users/ionsocol/Library/Developer/Xcode/DerivedData/QuizFlash-cavanlznwptgdmfvvpeqonrhackf/Build/Products/Debug-iphoneos/QuizFlash.app

CpResource /Users/ionsocol/Library/Developer/Xcode/DerivedData/QuizFlash-cavanlznwptgdmfvvpeqonrhackf/Build/Products/Debug-iphoneos/QuizFlash.app/KaTeX_SansSerif-Regular.woff /Users/ionsocol/Documents/SWIFT/QuizFlash/fonts/KaTeX_SansSerif-Regular.woff (in target 'QuizFlash' from project 'QuizFlash')
    cd /Users/ionsocol/Documents/SWIFT/QuizFlash
    builtin-copy -exclude .DS_Store -exclude CVS -exclude .svn -exclude .git -exclude .hg -resolve-src-symlinks /Users/ionsocol/Documents/SWIFT/QuizFlash/fonts/KaTeX_SansSerif-Regular.woff /Users/ionsocol/Library/Developer/Xcode/DerivedData/QuizFlash-cavanlznwptgdmfvvpeqonrhackf/Build/Products/Debug-iphoneos/QuizFlash.app

CpResource /Users/ionsocol/Library/Developer/Xcode/DerivedData/QuizFlash-cavanlznwptgdmfvvpeqonrhackf/Build/Products/Debug-iphoneos/QuizFlash.app/KaTeX_SansSerif-Regular.ttf /Users/ionsocol/Documents/SWIFT/QuizFlash/fonts/KaTeX_SansSerif-Regular.ttf (in target 'QuizFlash' from project 'QuizFlash')
    cd /Users/ionsocol/Documents/SWIFT/QuizFlash
    builtin-copy -exclude .DS_Store -exclude CVS -exclude .svn -exclude .git -exclude .hg -resolve-src-symlinks /Users/ionsocol/Documents/SWIFT/QuizFlash/fonts/KaTeX_SansSerif-Regular.ttf /Users/ionsocol/Library/Developer/Xcode/DerivedData/QuizFlash-cavanlznwptgdmfvvpeqonrhackf/Build/Products/Debug-iphoneos/QuizFlash.app

CpResource /Users/ionsocol/Library/Developer/Xcode/DerivedData/QuizFlash-cavanlznwptgdmfvvpeqonrhackf/Build/Products/Debug-iphoneos/QuizFlash.app/KaTeX_SansSerif-Italic.woff2 /Users/ionsocol/Documents/SWIFT/QuizFlash/fonts/KaTeX_SansSerif-Italic.woff2 (in target 'QuizFlash' from project 'QuizFlash')
    cd /Users/ionsocol/Documents/SWIFT/QuizFlash
    builtin-copy -exclude .DS_Store -exclude CVS -exclude .svn -exclude .git -exclude .hg -resolve-src-symlinks /Users/ionsocol/Documents/SWIFT/QuizFlash/fonts/KaTeX_SansSerif-Italic.woff2 /Users/ionsocol/Library/Developer/Xcode/DerivedData/QuizFlash-cavanlznwptgdmfvvpeqonrhackf/Build/Products/Debug-iphoneos/QuizFlash.app

CpResource /Users/ionsocol/Library/Developer/Xcode/DerivedData/QuizFlash-cavanlznwptgdmfvvpeqonrhackf/Build/Products/Debug-iphoneos/QuizFlash.app/KaTeX_SansSerif-Italic.woff /Users/ionsocol/Documents/SWIFT/QuizFlash/fonts/KaTeX_SansSerif-Italic.woff (in target 'QuizFlash' from project 'QuizFlash')
    cd /Users/ionsocol/Documents/SWIFT/QuizFlash
    builtin-copy -exclude .DS_Store -exclude CVS -exclude .svn -exclude .git -exclude .hg -resolve-src-symlinks /Users/ionsocol/Documents/SWIFT/QuizFlash/fonts/KaTeX_SansSerif-Italic.woff /Users/ionsocol/Library/Developer/Xcode/DerivedData/QuizFlash-cavanlznwptgdmfvvpeqonrhackf/Build/Products/Debug-iphoneos/QuizFlash.app

CpResource /Users/ionsocol/Library/Developer/Xcode/DerivedData/QuizFlash-cavanlznwptgdmfvvpeqonrhackf/Build/Products/Debug-iphoneos/QuizFlash.app/KaTeX_SansSerif-Italic.ttf /Users/ionsocol/Documents/SWIFT/QuizFlash/fonts/KaTeX_SansSerif-Italic.ttf (in target 'QuizFlash' from project 'QuizFlash')
    cd /Users/ionsocol/Documents/SWIFT/QuizFlash
    builtin-copy -exclude .DS_Store -exclude CVS -exclude .svn -exclude .git -exclude .hg -resolve-src-symlinks /Users/ionsocol/Documents/SWIFT/QuizFlash/fonts/KaTeX_SansSerif-Italic.ttf /Users/ionsocol/Library/Developer/Xcode/DerivedData/QuizFlash-cavanlznwptgdmfvvpeqonrhackf/Build/Products/Debug-iphoneos/QuizFlash.app

CpResource /Users/ionsocol/Library/Developer/Xcode/DerivedData/QuizFlash-cavanlznwptgdmfvvpeqonrhackf/Build/Products/Debug-iphoneos/QuizFlash.app/KaTeX_SansSerif-Bold.woff2 /Users/ionsocol/Documents/SWIFT/QuizFlash/fonts/KaTeX_SansSerif-Bold.woff2 (in target 'QuizFlash' from project 'QuizFlash')
    cd /Users/ionsocol/Documents/SWIFT/QuizFlash
    builtin-copy -exclude .DS_Store -exclude CVS -exclude .svn -exclude .git -exclude .hg -resolve-src-symlinks /Users/ionsocol/Documents/SWIFT/QuizFlash/fonts/KaTeX_SansSerif-Bold.woff2 /Users/ionsocol/Library/Developer/Xcode/DerivedData/QuizFlash-cavanlznwptgdmfvvpeqonrhackf/Build/Products/Debug-iphoneos/QuizFlash.app

CpResource /Users/ionsocol/Library/Developer/Xcode/DerivedData/QuizFlash-cavanlznwptgdmfvvpeqonrhackf/Build/Products/Debug-iphoneos/QuizFlash.app/KaTeX_SansSerif-Bold.woff /Users/ionsocol/Documents/SWIFT/QuizFlash/fonts/KaTeX_SansSerif-Bold.woff (in target 'QuizFlash' from project 'QuizFlash')
    cd /Users/ionsocol/Documents/SWIFT/QuizFlash
    builtin-copy -exclude .DS_Store -exclude CVS -exclude .svn -exclude .git -exclude .hg -resolve-src-symlinks /Users/ionsocol/Documents/SWIFT/QuizFlash/fonts/KaTeX_SansSerif-Bold.woff /Users/ionsocol/Library/Developer/Xcode/DerivedData/QuizFlash-cavanlznwptgdmfvvpeqonrhackf/Build/Products/Debug-iphoneos/QuizFlash.app

CpResource /Users/ionsocol/Library/Developer/Xcode/DerivedData/QuizFlash-cavanlznwptgdmfvvpeqonrhackf/Build/Products/Debug-iphoneos/QuizFlash.app/KaTeX_SansSerif-Bold.ttf /Users/ionsocol/Documents/SWIFT/QuizFlash/fonts/KaTeX_SansSerif-Bold.ttf (in target 'QuizFlash' from project 'QuizFlash')
    cd /Users/ionsocol/Documents/SWIFT/QuizFlash
    builtin-copy -exclude .DS_Store -exclude CVS -exclude .svn -exclude .git -exclude .hg -resolve-src-symlinks /Users/ionsocol/Documents/SWIFT/QuizFlash/fonts/KaTeX_SansSerif-Bold.ttf /Users/ionsocol/Library/Developer/Xcode/DerivedData/QuizFlash-cavanlznwptgdmfvvpeqonrhackf/Build/Products/Debug-iphoneos/QuizFlash.app

CpResource /Users/ionsocol/Library/Developer/Xcode/DerivedData/QuizFlash-cavanlznwptgdmfvvpeqonrhackf/Build/Products/Debug-iphoneos/QuizFlash.app/KaTeX_Math-Italic.woff2 /Users/ionsocol/Documents/SWIFT/QuizFlash/fonts/KaTeX_Math-Italic.woff2 (in target 'QuizFlash' from project 'QuizFlash')
    cd /Users/ionsocol/Documents/SWIFT/QuizFlash
    builtin-copy -exclude .DS_Store -exclude CVS -exclude .svn -exclude .git -exclude .hg -resolve-src-symlinks /Users/ionsocol/Documents/SWIFT/QuizFlash/fonts/KaTeX_Math-Italic.woff2 /Users/ionsocol/Library/Developer/Xcode/DerivedData/QuizFlash-cavanlznwptgdmfvvpeqonrhackf/Build/Products/Debug-iphoneos/QuizFlash.app

CpResource /Users/ionsocol/Library/Developer/Xcode/DerivedData/QuizFlash-cavanlznwptgdmfvvpeqonrhackf/Build/Products/Debug-iphoneos/QuizFlash.app/KaTeX_Math-Italic.woff /Users/ionsocol/Documents/SWIFT/QuizFlash/fonts/KaTeX_Math-Italic.woff (in target 'QuizFlash' from project 'QuizFlash')
    cd /Users/ionsocol/Documents/SWIFT/QuizFlash
    builtin-copy -exclude .DS_Store -exclude CVS -exclude .svn -exclude .git -exclude .hg -resolve-src-symlinks /Users/ionsocol/Documents/SWIFT/QuizFlash/fonts/KaTeX_Math-Italic.woff /Users/ionsocol/Library/Developer/Xcode/DerivedData/QuizFlash-cavanlznwptgdmfvvpeqonrhackf/Build/Products/Debug-iphoneos/QuizFlash.app

CpResource /Users/ionsocol/Library/Developer/Xcode/DerivedData/QuizFlash-cavanlznwptgdmfvvpeqonrhackf/Build/Products/Debug-iphoneos/QuizFlash.app/KaTeX_Math-Italic.ttf /Users/ionsocol/Documents/SWIFT/QuizFlash/fonts/KaTeX_Math-Italic.ttf (in target 'QuizFlash' from project 'QuizFlash')
    cd /Users/ionsocol/Documents/SWIFT/QuizFlash
    builtin-copy -exclude .DS_Store -exclude CVS -exclude .svn -exclude .git -exclude .hg -resolve-src-symlinks /Users/ionsocol/Documents/SWIFT/QuizFlash/fonts/KaTeX_Math-Italic.ttf /Users/ionsocol/Library/Developer/Xcode/DerivedData/QuizFlash-cavanlznwptgdmfvvpeqonrhackf/Build/Products/Debug-iphoneos/QuizFlash.app

CpResource /Users/ionsocol/Library/Developer/Xcode/DerivedData/QuizFlash-cavanlznwptgdmfvvpeqonrhackf/Build/Products/Debug-iphoneos/QuizFlash.app/KaTeX_Math-BoldItalic.woff2 /Users/ionsocol/Documents/SWIFT/QuizFlash/fonts/KaTeX_Math-BoldItalic.woff2 (in target 'QuizFlash' from project 'QuizFlash')
    cd /Users/ionsocol/Documents/SWIFT/QuizFlash
    builtin-copy -exclude .DS_Store -exclude CVS -exclude .svn -exclude .git -exclude .hg -resolve-src-symlinks /Users/ionsocol/Documents/SWIFT/QuizFlash/fonts/KaTeX_Math-BoldItalic.woff2 /Users/ionsocol/Library/Developer/Xcode/DerivedData/QuizFlash-cavanlznwptgdmfvvpeqonrhackf/Build/Products/Debug-iphoneos/QuizFlash.app

CpResource /Users/ionsocol/Library/Developer/Xcode/DerivedData/QuizFlash-cavanlznwptgdmfvvpeqonrhackf/Build/Products/Debug-iphoneos/QuizFlash.app/KaTeX_Math-BoldItalic.woff /Users/ionsocol/Documents/SWIFT/QuizFlash/fonts/KaTeX_Math-BoldItalic.woff (in target 'QuizFlash' from project 'QuizFlash')
    cd /Users/ionsocol/Documents/SWIFT/QuizFlash
    builtin-copy -exclude .DS_Store -exclude CVS -exclude .svn -exclude .git -exclude .hg -resolve-src-symlinks /Users/ionsocol/Documents/SWIFT/QuizFlash/fonts/KaTeX_Math-BoldItalic.woff /Users/ionsocol/Library/Developer/Xcode/DerivedData/QuizFlash-cavanlznwptgdmfvvpeqonrhackf/Build/Products/Debug-iphoneos/QuizFlash.app

CpResource /Users/ionsocol/Library/Developer/Xcode/DerivedData/QuizFlash-cavanlznwptgdmfvvpeqonrhackf/Build/Products/Debug-iphoneos/QuizFlash.app/KaTeX_Math-BoldItalic.ttf /Users/ionsocol/Documents/SWIFT/QuizFlash/fonts/KaTeX_Math-BoldItalic.ttf (in target 'QuizFlash' from project 'QuizFlash')
    cd /Users/ionsocol/Documents/SWIFT/QuizFlash
    builtin-copy -exclude .DS_Store -exclude CVS -exclude .svn -exclude .git -exclude .hg -resolve-src-symlinks /Users/ionsocol/Documents/SWIFT/QuizFlash/fonts/KaTeX_Math-BoldItalic.ttf /Users/ionsocol/Library/Developer/Xcode/DerivedData/QuizFlash-cavanlznwptgdmfvvpeqonrhackf/Build/Products/Debug-iphoneos/QuizFlash.app

CpResource /Users/ionsocol/Library/Developer/Xcode/DerivedData/QuizFlash-cavanlznwptgdmfvvpeqonrhackf/Build/Products/Debug-iphoneos/QuizFlash.app/KaTeX_Main-Regular.woff2 /Users/ionsocol/Documents/SWIFT/QuizFlash/fonts/KaTeX_Main-Regular.woff2 (in target 'QuizFlash' from project 'QuizFlash')
    cd /Users/ionsocol/Documents/SWIFT/QuizFlash
    builtin-copy -exclude .DS_Store -exclude CVS -exclude .svn -exclude .git -exclude .hg -resolve-src-symlinks /Users/ionsocol/Documents/SWIFT/QuizFlash/fonts/KaTeX_Main-Regular.woff2 /Users/ionsocol/Library/Developer/Xcode/DerivedData/QuizFlash-cavanlznwptgdmfvvpeqonrhackf/Build/Products/Debug-iphoneos/QuizFlash.app

CpResource /Users/ionsocol/Library/Developer/Xcode/DerivedData/QuizFlash-cavanlznwptgdmfvvpeqonrhackf/Build/Products/Debug-iphoneos/QuizFlash.app/KaTeX_Main-Regular.woff /Users/ionsocol/Documents/SWIFT/QuizFlash/fonts/KaTeX_Main-Regular.woff (in target 'QuizFlash' from project 'QuizFlash')
    cd /Users/ionsocol/Documents/SWIFT/QuizFlash
    builtin-copy -exclude .DS_Store -exclude CVS -exclude .svn -exclude .git -exclude .hg -resolve-src-symlinks /Users/ionsocol/Documents/SWIFT/QuizFlash/fonts/KaTeX_Main-Regular.woff /Users/ionsocol/Library/Developer/Xcode/DerivedData/QuizFlash-cavanlznwptgdmfvvpeqonrhackf/Build/Products/Debug-iphoneos/QuizFlash.app

CpResource /Users/ionsocol/Library/Developer/Xcode/DerivedData/QuizFlash-cavanlznwptgdmfvvpeqonrhackf/Build/Products/Debug-iphoneos/QuizFlash.app/KaTeX_Main-Regular.ttf /Users/ionsocol/Documents/SWIFT/QuizFlash/fonts/KaTeX_Main-Regular.ttf (in target 'QuizFlash' from project 'QuizFlash')
    cd /Users/ionsocol/Documents/SWIFT/QuizFlash
    builtin-copy -exclude .DS_Store -exclude CVS -exclude .svn -exclude .git -exclude .hg -resolve-src-symlinks /Users/ionsocol/Documents/SWIFT/QuizFlash/fonts/KaTeX_Main-Regular.ttf /Users/ionsocol/Library/Developer/Xcode/DerivedData/QuizFlash-cavanlznwptgdmfvvpeqonrhackf/Build/Products/Debug-iphoneos/QuizFlash.app

CpResource /Users/ionsocol/Library/Developer/Xcode/DerivedData/QuizFlash-cavanlznwptgdmfvvpeqonrhackf/Build/Products/Debug-iphoneos/QuizFlash.app/KaTeX_Main-Italic.woff2 /Users/ionsocol/Documents/SWIFT/QuizFlash/fonts/KaTeX_Main-Italic.woff2 (in target 'QuizFlash' from project 'QuizFlash')
    cd /Users/ionsocol/Documents/SWIFT/QuizFlash
    builtin-copy -exclude .DS_Store -exclude CVS -exclude .svn -exclude .git -exclude .hg -resolve-src-symlinks /Users/ionsocol/Documents/SWIFT/QuizFlash/fonts/KaTeX_Main-Italic.woff2 /Users/ionsocol/Library/Developer/Xcode/DerivedData/QuizFlash-cavanlznwptgdmfvvpeqonrhackf/Build/Products/Debug-iphoneos/QuizFlash.app

CpResource /Users/ionsocol/Library/Developer/Xcode/DerivedData/QuizFlash-cavanlznwptgdmfvvpeqonrhackf/Build/Products/Debug-iphoneos/QuizFlash.app/KaTeX_Main-Italic.woff /Users/ionsocol/Documents/SWIFT/QuizFlash/fonts/KaTeX_Main-Italic.woff (in target 'QuizFlash' from project 'QuizFlash')
    cd /Users/ionsocol/Documents/SWIFT/QuizFlash
    builtin-copy -exclude .DS_Store -exclude CVS -exclude .svn -exclude .git -exclude .hg -resolve-src-symlinks /Users/ionsocol/Documents/SWIFT/QuizFlash/fonts/KaTeX_Main-Italic.woff /Users/ionsocol/Library/Developer/Xcode/DerivedData/QuizFlash-cavanlznwptgdmfvvpeqonrhackf/Build/Products/Debug-iphoneos/QuizFlash.app

CpResource /Users/ionsocol/Library/Developer/Xcode/DerivedData/QuizFlash-cavanlznwptgdmfvvpeqonrhackf/Build/Products/Debug-iphoneos/QuizFlash.app/KaTeX_Main-Italic.ttf /Users/ionsocol/Documents/SWIFT/QuizFlash/fonts/KaTeX_Main-Italic.ttf (in target 'QuizFlash' from project 'QuizFlash')
    cd /Users/ionsocol/Documents/SWIFT/QuizFlash
    builtin-copy -exclude .DS_Store -exclude CVS -exclude .svn -exclude .git -exclude .hg -resolve-src-symlinks /Users/ionsocol/Documents/SWIFT/QuizFlash/fonts/KaTeX_Main-Italic.ttf /Users/ionsocol/Library/Developer/Xcode/DerivedData/QuizFlash-cavanlznwptgdmfvvpeqonrhackf/Build/Products/Debug-iphoneos/QuizFlash.app

CpResource /Users/ionsocol/Library/Developer/Xcode/DerivedData/QuizFlash-cavanlznwptgdmfvvpeqonrhackf/Build/Products/Debug-iphoneos/QuizFlash.app/KaTeX_Main-BoldItalic.woff2 /Users/ionsocol/Documents/SWIFT/QuizFlash/fonts/KaTeX_Main-BoldItalic.woff2 (in target 'QuizFlash' from project 'QuizFlash')
    cd /Users/ionsocol/Documents/SWIFT/QuizFlash
    builtin-copy -exclude .DS_Store -exclude CVS -exclude .svn -exclude .git -exclude .hg -resolve-src-symlinks /Users/ionsocol/Documents/SWIFT/QuizFlash/fonts/KaTeX_Main-BoldItalic.woff2 /Users/ionsocol/Library/Developer/Xcode/DerivedData/QuizFlash-cavanlznwptgdmfvvpeqonrhackf/Build/Products/Debug-iphoneos/QuizFlash.app

CpResource /Users/ionsocol/Library/Developer/Xcode/DerivedData/QuizFlash-cavanlznwptgdmfvvpeqonrhackf/Build/Products/Debug-iphoneos/QuizFlash.app/KaTeX_Main-BoldItalic.woff /Users/ionsocol/Documents/SWIFT/QuizFlash/fonts/KaTeX_Main-BoldItalic.woff (in target 'QuizFlash' from project 'QuizFlash')
    cd /Users/ionsocol/Documents/SWIFT/QuizFlash
    builtin-copy -exclude .DS_Store -exclude CVS -exclude .svn -exclude .git -exclude .hg -resolve-src-symlinks /Users/ionsocol/Documents/SWIFT/QuizFlash/fonts/KaTeX_Main-BoldItalic.woff /Users/ionsocol/Library/Developer/Xcode/DerivedData/QuizFlash-cavanlznwptgdmfvvpeqonrhackf/Build/Products/Debug-iphoneos/QuizFlash.app

CpResource /Users/ionsocol/Library/Developer/Xcode/DerivedData/QuizFlash-cavanlznwptgdmfvvpeqonrhackf/Build/Products/Debug-iphoneos/QuizFlash.app/KaTeX_Main-BoldItalic.ttf /Users/ionsocol/Documents/SWIFT/QuizFlash/fonts/KaTeX_Main-BoldItalic.ttf (in target 'QuizFlash' from project 'QuizFlash')
    cd /Users/ionsocol/Documents/SWIFT/QuizFlash
    builtin-copy -exclude .DS_Store -exclude CVS -exclude .svn -exclude .git -exclude .hg -resolve-src-symlinks /Users/ionsocol/Documents/SWIFT/QuizFlash/fonts/KaTeX_Main-BoldItalic.ttf /Users/ionsocol/Library/Developer/Xcode/DerivedData/QuizFlash-cavanlznwptgdmfvvpeqonrhackf/Build/Products/Debug-iphoneos/QuizFlash.app

CpResource /Users/ionsocol/Library/Developer/Xcode/DerivedData/QuizFlash-cavanlznwptgdmfvvpeqonrhackf/Build/Products/Debug-iphoneos/QuizFlash.app/KaTeX_Main-Bold.woff2 /Users/ionsocol/Documents/SWIFT/QuizFlash/fonts/KaTeX_Main-Bold.woff2 (in target 'QuizFlash' from project 'QuizFlash')
    cd /Users/ionsocol/Documents/SWIFT/QuizFlash
    builtin-copy -exclude .DS_Store -exclude CVS -exclude .svn -exclude .git -exclude .hg -resolve-src-symlinks /Users/ionsocol/Documents/SWIFT/QuizFlash/fonts/KaTeX_Main-Bold.woff2 /Users/ionsocol/Library/Developer/Xcode/DerivedData/QuizFlash-cavanlznwptgdmfvvpeqonrhackf/Build/Products/Debug-iphoneos/QuizFlash.app

CpResource /Users/ionsocol/Library/Developer/Xcode/DerivedData/QuizFlash-cavanlznwptgdmfvvpeqonrhackf/Build/Products/Debug-iphoneos/QuizFlash.app/KaTeX_Main-Bold.woff /Users/ionsocol/Documents/SWIFT/QuizFlash/fonts/KaTeX_Main-Bold.woff (in target 'QuizFlash' from project 'QuizFlash')
    cd /Users/ionsocol/Documents/SWIFT/QuizFlash
    builtin-copy -exclude .DS_Store -exclude CVS -exclude .svn -exclude .git -exclude .hg -resolve-src-symlinks /Users/ionsocol/Documents/SWIFT/QuizFlash/fonts/KaTeX_Main-Bold.woff /Users/ionsocol/Library/Developer/Xcode/DerivedData/QuizFlash-cavanlznwptgdmfvvpeqonrhackf/Build/Products/Debug-iphoneos/QuizFlash.app

CpResource /Users/ionsocol/Library/Developer/Xcode/DerivedData/QuizFlash-cavanlznwptgdmfvvpeqonrhackf/Build/Products/Debug-iphoneos/QuizFlash.app/KaTeX_Main-Bold.ttf /Users/ionsocol/Documents/SWIFT/QuizFlash/fonts/KaTeX_Main-Bold.ttf (in target 'QuizFlash' from project 'QuizFlash')
    cd /Users/ionsocol/Documents/SWIFT/QuizFlash
    builtin-copy -exclude .DS_Store -exclude CVS -exclude .svn -exclude .git -exclude .hg -resolve-src-symlinks /Users/ionsocol/Documents/SWIFT/QuizFlash/fonts/KaTeX_Main-Bold.ttf /Users/ionsocol/Library/Developer/Xcode/DerivedData/QuizFlash-cavanlznwptgdmfvvpeqonrhackf/Build/Products/Debug-iphoneos/QuizFlash.app

CpResource /Users/ionsocol/Library/Developer/Xcode/DerivedData/QuizFlash-cavanlznwptgdmfvvpeqonrhackf/Build/Products/Debug-iphoneos/QuizFlash.app/KaTeX_Fraktur-Regular.woff2 /Users/ionsocol/Documents/SWIFT/QuizFlash/fonts/KaTeX_Fraktur-Regular.woff2 (in target 'QuizFlash' from project 'QuizFlash')
    cd /Users/ionsocol/Documents/SWIFT/QuizFlash
    builtin-copy -exclude .DS_Store -exclude CVS -exclude .svn -exclude .git -exclude .hg -resolve-src-symlinks /Users/ionsocol/Documents/SWIFT/QuizFlash/fonts/KaTeX_Fraktur-Regular.woff2 /Users/ionsocol/Library/Developer/Xcode/DerivedData/QuizFlash-cavanlznwptgdmfvvpeqonrhackf/Build/Products/Debug-iphoneos/QuizFlash.app

CpResource /Users/ionsocol/Library/Developer/Xcode/DerivedData/QuizFlash-cavanlznwptgdmfvvpeqonrhackf/Build/Products/Debug-iphoneos/QuizFlash.app/KaTeX_Fraktur-Regular.woff /Users/ionsocol/Documents/SWIFT/QuizFlash/fonts/KaTeX_Fraktur-Regular.woff (in target 'QuizFlash' from project 'QuizFlash')
    cd /Users/ionsocol/Documents/SWIFT/QuizFlash
    builtin-copy -exclude .DS_Store -exclude CVS -exclude .svn -exclude .git -exclude .hg -resolve-src-symlinks /Users/ionsocol/Documents/SWIFT/QuizFlash/fonts/KaTeX_Fraktur-Regular.woff /Users/ionsocol/Library/Developer/Xcode/DerivedData/QuizFlash-cavanlznwptgdmfvvpeqonrhackf/Build/Products/Debug-iphoneos/QuizFlash.app

CpResource /Users/ionsocol/Library/Developer/Xcode/DerivedData/QuizFlash-cavanlznwptgdmfvvpeqonrhackf/Build/Products/Debug-iphoneos/QuizFlash.app/KaTeX_Fraktur-Regular.ttf /Users/ionsocol/Documents/SWIFT/QuizFlash/fonts/KaTeX_Fraktur-Regular.ttf (in target 'QuizFlash' from project 'QuizFlash')
    cd /Users/ionsocol/Documents/SWIFT/QuizFlash
    builtin-copy -exclude .DS_Store -exclude CVS -exclude .svn -exclude .git -exclude .hg -resolve-src-symlinks /Users/ionsocol/Documents/SWIFT/QuizFlash/fonts/KaTeX_Fraktur-Regular.ttf /Users/ionsocol/Library/Developer/Xcode/DerivedData/QuizFlash-cavanlznwptgdmfvvpeqonrhackf/Build/Products/Debug-iphoneos/QuizFlash.app

CpResource /Users/ionsocol/Library/Developer/Xcode/DerivedData/QuizFlash-cavanlznwptgdmfvvpeqonrhackf/Build/Products/Debug-iphoneos/QuizFlash.app/KaTeX_Fraktur-Bold.woff2 /Users/ionsocol/Documents/SWIFT/QuizFlash/fonts/KaTeX_Fraktur-Bold.woff2 (in target 'QuizFlash' from project 'QuizFlash')
    cd /Users/ionsocol/Documents/SWIFT/QuizFlash
    builtin-copy -exclude .DS_Store -exclude CVS -exclude .svn -exclude .git -exclude .hg -resolve-src-symlinks /Users/ionsocol/Documents/SWIFT/QuizFlash/fonts/KaTeX_Fraktur-Bold.woff2 /Users/ionsocol/Library/Developer/Xcode/DerivedData/QuizFlash-cavanlznwptgdmfvvpeqonrhackf/Build/Products/Debug-iphoneos/QuizFlash.app

CpResource /Users/ionsocol/Library/Developer/Xcode/DerivedData/QuizFlash-cavanlznwptgdmfvvpeqonrhackf/Build/Products/Debug-iphoneos/QuizFlash.app/KaTeX_Fraktur-Bold.woff /Users/ionsocol/Documents/SWIFT/QuizFlash/fonts/KaTeX_Fraktur-Bold.woff (in target 'QuizFlash' from project 'QuizFlash')
    cd /Users/ionsocol/Documents/SWIFT/QuizFlash
    builtin-copy -exclude .DS_Store -exclude CVS -exclude .svn -exclude .git -exclude .hg -resolve-src-symlinks /Users/ionsocol/Documents/SWIFT/QuizFlash/fonts/KaTeX_Fraktur-Bold.woff /Users/ionsocol/Library/Developer/Xcode/DerivedData/QuizFlash-cavanlznwptgdmfvvpeqonrhackf/Build/Products/Debug-iphoneos/QuizFlash.app

CpResource /Users/ionsocol/Library/Developer/Xcode/DerivedData/QuizFlash-cavanlznwptgdmfvvpeqonrhackf/Build/Products/Debug-iphoneos/QuizFlash.app/KaTeX_Fraktur-Bold.ttf /Users/ionsocol/Documents/SWIFT/QuizFlash/fonts/KaTeX_Fraktur-Bold.ttf (in target 'QuizFlash' from project 'QuizFlash')
    cd /Users/ionsocol/Documents/SWIFT/QuizFlash
    builtin-copy -exclude .DS_Store -exclude CVS -exclude .svn -exclude .git -exclude .hg -resolve-src-symlinks /Users/ionsocol/Documents/SWIFT/QuizFlash/fonts/KaTeX_Fraktur-Bold.ttf /Users/ionsocol/Library/Developer/Xcode/DerivedData/QuizFlash-cavanlznwptgdmfvvpeqonrhackf/Build/Products/Debug-iphoneos/QuizFlash.app

CpResource /Users/ionsocol/Library/Developer/Xcode/DerivedData/QuizFlash-cavanlznwptgdmfvvpeqonrhackf/Build/Products/Debug-iphoneos/QuizFlash.app/KaTeX_Caligraphic-Regular.woff2 /Users/ionsocol/Documents/SWIFT/QuizFlash/fonts/KaTeX_Caligraphic-Regular.woff2 (in target 'QuizFlash' from project 'QuizFlash')
    cd /Users/ionsocol/Documents/SWIFT/QuizFlash
    builtin-copy -exclude .DS_Store -exclude CVS -exclude .svn -exclude .git -exclude .hg -resolve-src-symlinks /Users/ionsocol/Documents/SWIFT/QuizFlash/fonts/KaTeX_Caligraphic-Regular.woff2 /Users/ionsocol/Library/Developer/Xcode/DerivedData/QuizFlash-cavanlznwptgdmfvvpeqonrhackf/Build/Products/Debug-iphoneos/QuizFlash.app

CpResource /Users/ionsocol/Library/Developer/Xcode/DerivedData/QuizFlash-cavanlznwptgdmfvvpeqonrhackf/Build/Products/Debug-iphoneos/QuizFlash.app/KaTeX_Caligraphic-Regular.woff /Users/ionsocol/Documents/SWIFT/QuizFlash/fonts/KaTeX_Caligraphic-Regular.woff (in target 'QuizFlash' from project 'QuizFlash')
    cd /Users/ionsocol/Documents/SWIFT/QuizFlash
    builtin-copy -exclude .DS_Store -exclude CVS -exclude .svn -exclude .git -exclude .hg -resolve-src-symlinks /Users/ionsocol/Documents/SWIFT/QuizFlash/fonts/KaTeX_Caligraphic-Regular.woff /Users/ionsocol/Library/Developer/Xcode/DerivedData/QuizFlash-cavanlznwptgdmfvvpeqonrhackf/Build/Products/Debug-iphoneos/QuizFlash.app

CpResource /Users/ionsocol/Library/Developer/Xcode/DerivedData/QuizFlash-cavanlznwptgdmfvvpeqonrhackf/Build/Products/Debug-iphoneos/QuizFlash.app/KaTeX_Caligraphic-Regular.ttf /Users/ionsocol/Documents/SWIFT/QuizFlash/fonts/KaTeX_Caligraphic-Regular.ttf (in target 'QuizFlash' from project 'QuizFlash')
    cd /Users/ionsocol/Documents/SWIFT/QuizFlash
    builtin-copy -exclude .DS_Store -exclude CVS -exclude .svn -exclude .git -exclude .hg -resolve-src-symlinks /Users/ionsocol/Documents/SWIFT/QuizFlash/fonts/KaTeX_Caligraphic-Regular.ttf /Users/ionsocol/Library/Developer/Xcode/DerivedData/QuizFlash-cavanlznwptgdmfvvpeqonrhackf/Build/Products/Debug-iphoneos/QuizFlash.app

CpResource /Users/ionsocol/Library/Developer/Xcode/DerivedData/QuizFlash-cavanlznwptgdmfvvpeqonrhackf/Build/Products/Debug-iphoneos/QuizFlash.app/KaTeX_Caligraphic-Bold.woff2 /Users/ionsocol/Documents/SWIFT/QuizFlash/fonts/KaTeX_Caligraphic-Bold.woff2 (in target 'QuizFlash' from project 'QuizFlash')
    cd /Users/ionsocol/Documents/SWIFT/QuizFlash
    builtin-copy -exclude .DS_Store -exclude CVS -exclude .svn -exclude .git -exclude .hg -resolve-src-symlinks /Users/ionsocol/Documents/SWIFT/QuizFlash/fonts/KaTeX_Caligraphic-Bold.woff2 /Users/ionsocol/Library/Developer/Xcode/DerivedData/QuizFlash-cavanlznwptgdmfvvpeqonrhackf/Build/Products/Debug-iphoneos/QuizFlash.app

CpResource /Users/ionsocol/Library/Developer/Xcode/DerivedData/QuizFlash-cavanlznwptgdmfvvpeqonrhackf/Build/Products/Debug-iphoneos/QuizFlash.app/KaTeX_Caligraphic-Bold.woff /Users/ionsocol/Documents/SWIFT/QuizFlash/fonts/KaTeX_Caligraphic-Bold.woff (in target 'QuizFlash' from project 'QuizFlash')
    cd /Users/ionsocol/Documents/SWIFT/QuizFlash
    builtin-copy -exclude .DS_Store -exclude CVS -exclude .svn -exclude .git -exclude .hg -resolve-src-symlinks /Users/ionsocol/Documents/SWIFT/QuizFlash/fonts/KaTeX_Caligraphic-Bold.woff /Users/ionsocol/Library/Developer/Xcode/DerivedData/QuizFlash-cavanlznwptgdmfvvpeqonrhackf/Build/Products/Debug-iphoneos/QuizFlash.app

CpResource /Users/ionsocol/Library/Developer/Xcode/DerivedData/QuizFlash-cavanlznwptgdmfvvpeqonrhackf/Build/Products/Debug-iphoneos/QuizFlash.app/KaTeX_Caligraphic-Bold.ttf /Users/ionsocol/Documents/SWIFT/QuizFlash/fonts/KaTeX_Caligraphic-Bold.ttf (in target 'QuizFlash' from project 'QuizFlash')
    cd /Users/ionsocol/Documents/SWIFT/QuizFlash
    builtin-copy -exclude .DS_Store -exclude CVS -exclude .svn -exclude .git -exclude .hg -resolve-src-symlinks /Users/ionsocol/Documents/SWIFT/QuizFlash/fonts/KaTeX_Caligraphic-Bold.ttf /Users/ionsocol/Library/Developer/Xcode/DerivedData/QuizFlash-cavanlznwptgdmfvvpeqonrhackf/Build/Products/Debug-iphoneos/QuizFlash.app

CpResource /Users/ionsocol/Library/Developer/Xcode/DerivedData/QuizFlash-cavanlznwptgdmfvvpeqonrhackf/Build/Products/Debug-iphoneos/QuizFlash.app/KaTeX_AMS-Regular.woff2 /Users/ionsocol/Documents/SWIFT/QuizFlash/fonts/KaTeX_AMS-Regular.woff2 (in target 'QuizFlash' from project 'QuizFlash')
    cd /Users/ionsocol/Documents/SWIFT/QuizFlash
    builtin-copy -exclude .DS_Store -exclude CVS -exclude .svn -exclude .git -exclude .hg -resolve-src-symlinks /Users/ionsocol/Documents/SWIFT/QuizFlash/fonts/KaTeX_AMS-Regular.woff2 /Users/ionsocol/Library/Developer/Xcode/DerivedData/QuizFlash-cavanlznwptgdmfvvpeqonrhackf/Build/Products/Debug-iphoneos/QuizFlash.app

CpResource /Users/ionsocol/Library/Developer/Xcode/DerivedData/QuizFlash-cavanlznwptgdmfvvpeqonrhackf/Build/Products/Debug-iphoneos/QuizFlash.app/KaTeX_AMS-Regular.woff /Users/ionsocol/Documents/SWIFT/QuizFlash/fonts/KaTeX_AMS-Regular.woff (in target 'QuizFlash' from project 'QuizFlash')
    cd /Users/ionsocol/Documents/SWIFT/QuizFlash
    builtin-copy -exclude .DS_Store -exclude CVS -exclude .svn -exclude .git -exclude .hg -resolve-src-symlinks /Users/ionsocol/Documents/SWIFT/QuizFlash/fonts/KaTeX_AMS-Regular.woff /Users/ionsocol/Library/Developer/Xcode/DerivedData/QuizFlash-cavanlznwptgdmfvvpeqonrhackf/Build/Products/Debug-iphoneos/QuizFlash.app

CpResource /Users/ionsocol/Library/Developer/Xcode/DerivedData/QuizFlash-cavanlznwptgdmfvvpeqonrhackf/Build/Products/Debug-iphoneos/QuizFlash.app/KaTeX_AMS-Regular.ttf /Users/ionsocol/Documents/SWIFT/QuizFlash/fonts/KaTeX_AMS-Regular.ttf (in target 'QuizFlash' from project 'QuizFlash')
    cd /Users/ionsocol/Documents/SWIFT/QuizFlash
    builtin-copy -exclude .DS_Store -exclude CVS -exclude .svn -exclude .git -exclude .hg -resolve-src-symlinks /Users/ionsocol/Documents/SWIFT/QuizFlash/fonts/KaTeX_AMS-Regular.ttf /Users/ionsocol/Library/Developer/Xcode/DerivedData/QuizFlash-cavanlznwptgdmfvvpeqonrhackf/Build/Products/Debug-iphoneos/QuizFlash.app

CpResource /Users/ionsocol/Library/Developer/Xcode/DerivedData/QuizFlash-cavanlznwptgdmfvvpeqonrhackf/Build/Products/Debug-iphoneos/QuizFlash.app/.gitignore /Users/ionsocol/Documents/SWIFT/QuizFlash/QuizFlash/.gitignore (in target 'QuizFlash' from project 'QuizFlash')
    cd /Users/ionsocol/Documents/SWIFT/QuizFlash
    builtin-copy -exclude .DS_Store -exclude CVS -exclude .svn -exclude .git -exclude .hg -resolve-src-symlinks /Users/ionsocol/Documents/SWIFT/QuizFlash/QuizFlash/.gitignore /Users/ionsocol/Library/Developer/Xcode/DerivedData/QuizFlash-cavanlznwptgdmfvvpeqonrhackf/Build/Products/Debug-iphoneos/QuizFlash.app

CpResource /Users/ionsocol/Library/Developer/Xcode/DerivedData/QuizFlash-cavanlznwptgdmfvvpeqonrhackf/Build/Products/Debug-iphoneos/QuizFlash.app/.gitattributes /Users/ionsocol/Documents/SWIFT/QuizFlash/QuizFlash/.gitattributes (in target 'QuizFlash' from project 'QuizFlash')
    cd /Users/ionsocol/Documents/SWIFT/QuizFlash
    builtin-copy -exclude .DS_Store -exclude CVS -exclude .svn -exclude .git -exclude .hg -resolve-src-symlinks /Users/ionsocol/Documents/SWIFT/QuizFlash/QuizFlash/.gitattributes /Users/ionsocol/Library/Developer/Xcode/DerivedData/QuizFlash-cavanlznwptgdmfvvpeqonrhackf/Build/Products/Debug-iphoneos/QuizFlash.app

SwiftCompile normal arm64 Compiling\ CardModel.swift,\ DeckModel.swift,\ FolderModel.swift,\ ZoneModel.swift,\ CardFetchActor.swift,\ LoginView.swift,\ DeckComponents.swift,\ DeckCustomNavigationBar.swift,\ DeckGridRichPreviewRenderer.swift,\ DeckHeroView.swift,\ DeckMenuControls.swift,\ DeckProgressView.swift,\ DeckRowView.swift,\ DeckSharingViews.swift,\ FolderDeckListView.swift /Users/ionsocol/Documents/SWIFT/QuizFlash/QuizFlash/Domain/Models/CardModel.swift /Users/ionsocol/Documents/SWIFT/QuizFlash/QuizFlash/Domain/Models/DeckModel.swift /Users/ionsocol/Documents/SWIFT/QuizFlash/QuizFlash/Domain/Models/FolderModel.swift /Users/ionsocol/Documents/SWIFT/QuizFlash/QuizFlash/Domain/Models/ZoneModel.swift /Users/ionsocol/Documents/SWIFT/QuizFlash/QuizFlash/Domain/Repositories/CardFetchActor.swift /Users/ionsocol/Documents/SWIFT/QuizFlash/QuizFlash/Features/Auth/Views/LoginView.swift /Users/ionsocol/Documents/SWIFT/QuizFlash/QuizFlash/Features/DeckDetails/Components/DeckComponents.swift /Users/ionsocol/Documents/SWIFT/QuizFlash/QuizFlash/Features/DeckDetails/Components/DeckCustomNavigationBar.swift /Users/ionsocol/Documents/SWIFT/QuizFlash/QuizFlash/Features/DeckDetails/Components/DeckGridRichPreviewRenderer.swift /Users/ionsocol/Documents/SWIFT/QuizFlash/QuizFlash/Features/DeckDetails/Components/DeckHeroView.swift /Users/ionsocol/Documents/SWIFT/QuizFlash/QuizFlash/Features/DeckDetails/Components/DeckMenuControls.swift /Users/ionsocol/Documents/SWIFT/QuizFlash/QuizFlash/Features/DeckDetails/Components/DeckProgressView.swift /Users/ionsocol/Documents/SWIFT/QuizFlash/QuizFlash/Features/DeckDetails/Components/DeckRowView.swift /Users/ionsocol/Documents/SWIFT/QuizFlash/QuizFlash/Features/DeckDetails/Components/DeckSharingViews.swift /Users/ionsocol/Documents/SWIFT/QuizFlash/QuizFlash/Features/DeckDetails/Components/FolderDeckListView.swift (in target 'QuizFlash' from project 'QuizFlash')

SwiftCompile normal arm64 /Users/ionsocol/Documents/SWIFT/QuizFlash/QuizFlash/Domain/Models/CardModel.swift (in target 'QuizFlash' from project 'QuizFlash')
    cd /Users/ionsocol/Documents/SWIFT/QuizFlash
    

SwiftCompile normal arm64 /Users/ionsocol/Documents/SWIFT/QuizFlash/QuizFlash/Domain/Models/DeckModel.swift (in target 'QuizFlash' from project 'QuizFlash')
    cd /Users/ionsocol/Documents/SWIFT/QuizFlash
    

SwiftCompile normal arm64 /Users/ionsocol/Documents/SWIFT/QuizFlash/QuizFlash/Domain/Models/FolderModel.swift (in target 'QuizFlash' from project 'QuizFlash')
    cd /Users/ionsocol/Documents/SWIFT/QuizFlash
    

SwiftCompile normal arm64 /Users/ionsocol/Documents/SWIFT/QuizFlash/QuizFlash/Domain/Models/ZoneModel.swift (in target 'QuizFlash' from project 'QuizFlash')
    cd /Users/ionsocol/Documents/SWIFT/QuizFlash
    
/Users/ionsocol/Documents/SWIFT/QuizFlash/QuizFlash/Domain/Models/ZoneModel.swift:208:28: warning: main actor-isolated conformance of 'ZoneModel' to 'Decodable' cannot be used in nonisolated context; this is an error in the Swift 6 language mode
        try? JSONDecoder().decode(ZoneModel.self, from: data)
                           ^

SwiftCompile normal arm64 /Users/ionsocol/Documents/SWIFT/QuizFlash/QuizFlash/Domain/Repositories/CardFetchActor.swift (in target 'QuizFlash' from project 'QuizFlash')
    cd /Users/ionsocol/Documents/SWIFT/QuizFlash
    

SwiftCompile normal arm64 /Users/ionsocol/Documents/SWIFT/QuizFlash/QuizFlash/Features/Auth/Views/LoginView.swift (in target 'QuizFlash' from project 'QuizFlash')
    cd /Users/ionsocol/Documents/SWIFT/QuizFlash
    

SwiftCompile normal arm64 /Users/ionsocol/Documents/SWIFT/QuizFlash/QuizFlash/Features/DeckDetails/Components/DeckComponents.swift (in target 'QuizFlash' from project 'QuizFlash')
    cd /Users/ionsocol/Documents/SWIFT/QuizFlash
    

SwiftCompile normal arm64 /Users/ionsocol/Documents/SWIFT/QuizFlash/QuizFlash/Features/DeckDetails/Components/DeckCustomNavigationBar.swift (in target 'QuizFlash' from project 'QuizFlash')
    cd /Users/ionsocol/Documents/SWIFT/QuizFlash
    

SwiftCompile normal arm64 /Users/ionsocol/Documents/SWIFT/QuizFlash/QuizFlash/Features/DeckDetails/Components/DeckGridRichPreviewRenderer.swift (in target 'QuizFlash' from project 'QuizFlash')
    cd /Users/ionsocol/Documents/SWIFT/QuizFlash
    

SwiftCompile normal arm64 /Users/ionsocol/Documents/SWIFT/QuizFlash/QuizFlash/Features/DeckDetails/Components/DeckHeroView.swift (in target 'QuizFlash' from project 'QuizFlash')
    cd /Users/ionsocol/Documents/SWIFT/QuizFlash
    

SwiftCompile normal arm64 /Users/ionsocol/Documents/SWIFT/QuizFlash/QuizFlash/Features/DeckDetails/Components/DeckMenuControls.swift (in target 'QuizFlash' from project 'QuizFlash')
    cd /Users/ionsocol/Documents/SWIFT/QuizFlash
    

SwiftCompile normal arm64 /Users/ionsocol/Documents/SWIFT/QuizFlash/QuizFlash/Features/DeckDetails/Components/DeckProgressView.swift (in target 'QuizFlash' from project 'QuizFlash')
    cd /Users/ionsocol/Documents/SWIFT/QuizFlash
    

SwiftCompile normal arm64 /Users/ionsocol/Documents/SWIFT/QuizFlash/QuizFlash/Features/DeckDetails/Components/DeckRowView.swift (in target 'QuizFlash' from project 'QuizFlash')
    cd /Users/ionsocol/Documents/SWIFT/QuizFlash
    
/Users/ionsocol/Documents/SWIFT/QuizFlash/QuizFlash/Features/DeckDetails/Components/DeckRowView.swift:176:21: warning: no 'async' operations occur within 'await' expression
        let actor = await getSharedActor(container: container)
                    ^

SwiftCompile normal arm64 /Users/ionsocol/Documents/SWIFT/QuizFlash/QuizFlash/Features/DeckDetails/Components/DeckSharingViews.swift (in target 'QuizFlash' from project 'QuizFlash')
    cd /Users/ionsocol/Documents/SWIFT/QuizFlash
    

SwiftCompile normal arm64 /Users/ionsocol/Documents/SWIFT/QuizFlash/QuizFlash/Features/DeckDetails/Components/FolderDeckListView.swift (in target 'QuizFlash' from project 'QuizFlash')
    cd /Users/ionsocol/Documents/SWIFT/QuizFlash
    

SwiftCompile normal arm64 Compiling\ LibraryExtension.swift,\ ModelContext+SafeFetch.swift,\ ImageCache.swift,\ MathTextSanitizer.swift,\ ScrollPositionRestorer.swift,\ ScrollProximityEffect.swift,\ ScrollViewEmptySpaceTap.swift,\ AppTabBar.swift,\ CustomTabBar.swift,\ NativeTabBarConfigurator.swift,\ TabBarVisibility.swift,\ DeckNavigationValue.swift,\ MainAppView.swift,\ NavigationManager.swift,\ RootView.swift /Users/ionsocol/Documents/SWIFT/QuizFlash/QuizFlash/Core/Extensions/LibraryExtension.swift /Users/ionsocol/Documents/SWIFT/QuizFlash/QuizFlash/Core/Extensions/ModelContext+SafeFetch.swift /Users/ionsocol/Documents/SWIFT/QuizFlash/QuizFlash/Core/Helpers/ImageCache.swift /Users/ionsocol/Documents/SWIFT/QuizFlash/QuizFlash/Core/Helpers/MathTextSanitizer.swift /Users/ionsocol/Documents/SWIFT/QuizFlash/QuizFlash/Core/Helpers/ScrollPositionRestorer.swift /Users/ionsocol/Documents/SWIFT/QuizFlash/QuizFlash/Core/Helpers/ScrollProximityEffect.swift /Users/ionsocol/Documents/SWIFT/QuizFlash/QuizFlash/Core/Helpers/ScrollViewEmptySpaceTap.swift /Users/ionsocol/Documents/SWIFT/QuizFlash/QuizFlash/Core/Navigation/TabBar/AppTabBar.swift /Users/ionsocol/Documents/SWIFT/QuizFlash/QuizFlash/Core/Navigation/TabBar/CustomTabBar.swift /Users/ionsocol/Documents/SWIFT/QuizFlash/QuizFlash/Core/Navigation/TabBar/NativeTabBarConfigurator.swift /Users/ionsocol/Documents/SWIFT/QuizFlash/QuizFlash/Core/Navigation/TabBar/TabBarVisibility.swift /Users/ionsocol/Documents/SWIFT/QuizFlash/QuizFlash/Core/Navigation/DeckNavigationValue.swift /Users/ionsocol/Documents/SWIFT/QuizFlash/QuizFlash/Core/Navigation/MainAppView.swift /Users/ionsocol/Documents/SWIFT/QuizFlash/QuizFlash/Core/Navigation/NavigationManager.swift /Users/ionsocol/Documents/SWIFT/QuizFlash/QuizFlash/Core/Navigation/RootView.swift (in target 'QuizFlash' from project 'QuizFlash')

SwiftCompile normal arm64 /Users/ionsocol/Documents/SWIFT/QuizFlash/QuizFlash/Core/Extensions/LibraryExtension.swift (in target 'QuizFlash' from project 'QuizFlash')
    cd /Users/ionsocol/Documents/SWIFT/QuizFlash
    

SwiftCompile normal arm64 /Users/ionsocol/Documents/SWIFT/QuizFlash/QuizFlash/Core/Extensions/ModelContext+SafeFetch.swift (in target 'QuizFlash' from project 'QuizFlash')
    cd /Users/ionsocol/Documents/SWIFT/QuizFlash
    

SwiftCompile normal arm64 /Users/ionsocol/Documents/SWIFT/QuizFlash/QuizFlash/Core/Helpers/ImageCache.swift (in target 'QuizFlash' from project 'QuizFlash')
    cd /Users/ionsocol/Documents/SWIFT/QuizFlash
    

SwiftCompile normal arm64 /Users/ionsocol/Documents/SWIFT/QuizFlash/QuizFlash/Core/Helpers/MathTextSanitizer.swift (in target 'QuizFlash' from project 'QuizFlash')
    cd /Users/ionsocol/Documents/SWIFT/QuizFlash
    

SwiftCompile normal arm64 /Users/ionsocol/Documents/SWIFT/QuizFlash/QuizFlash/Core/Helpers/ScrollPositionRestorer.swift (in target 'QuizFlash' from project 'QuizFlash')
    cd /Users/ionsocol/Documents/SWIFT/QuizFlash
    

SwiftCompile normal arm64 /Users/ionsocol/Documents/SWIFT/QuizFlash/QuizFlash/Core/Helpers/ScrollProximityEffect.swift (in target 'QuizFlash' from project 'QuizFlash')
    cd /Users/ionsocol/Documents/SWIFT/QuizFlash
    
/Users/ionsocol/Documents/SWIFT/QuizFlash/QuizFlash/Core/Helpers/ScrollProximityEffect.swift:58:48: warning: main actor-isolated conformance of 'Scroll3DDirection' to 'Equatable' cannot be used in nonisolated context; this is an error in the Swift 6 language mode
                let axisX: CGFloat = direction == .backward ? -1.0 : 1.0
                                               ^

SwiftCompile normal arm64 /Users/ionsocol/Documents/SWIFT/QuizFlash/QuizFlash/Core/Helpers/ScrollViewEmptySpaceTap.swift (in target 'QuizFlash' from project 'QuizFlash')
    cd /Users/ionsocol/Documents/SWIFT/QuizFlash
    

SwiftCompile normal arm64 /Users/ionsocol/Documents/SWIFT/QuizFlash/QuizFlash/Core/Navigation/TabBar/AppTabBar.swift (in target 'QuizFlash' from project 'QuizFlash')
    cd /Users/ionsocol/Documents/SWIFT/QuizFlash
    

SwiftCompile normal arm64 /Users/ionsocol/Documents/SWIFT/QuizFlash/QuizFlash/Core/Navigation/TabBar/CustomTabBar.swift (in target 'QuizFlash' from project 'QuizFlash')
    cd /Users/ionsocol/Documents/SWIFT/QuizFlash
    

SwiftCompile normal arm64 /Users/ionsocol/Documents/SWIFT/QuizFlash/QuizFlash/Core/Navigation/TabBar/NativeTabBarConfigurator.swift (in target 'QuizFlash' from project 'QuizFlash')
    cd /Users/ionsocol/Documents/SWIFT/QuizFlash
    

SwiftCompile normal arm64 /Users/ionsocol/Documents/SWIFT/QuizFlash/QuizFlash/Core/Navigation/TabBar/TabBarVisibility.swift (in target 'QuizFlash' from project 'QuizFlash')
    cd /Users/ionsocol/Documents/SWIFT/QuizFlash
    

SwiftCompile normal arm64 /Users/ionsocol/Documents/SWIFT/QuizFlash/QuizFlash/Core/Navigation/DeckNavigationValue.swift (in target 'QuizFlash' from project 'QuizFlash')
    cd /Users/ionsocol/Documents/SWIFT/QuizFlash
    

SwiftCompile normal arm64 /Users/ionsocol/Documents/SWIFT/QuizFlash/QuizFlash/Core/Navigation/MainAppView.swift (in target 'QuizFlash' from project 'QuizFlash')
    cd /Users/ionsocol/Documents/SWIFT/QuizFlash
    

SwiftCompile normal arm64 /Users/ionsocol/Documents/SWIFT/QuizFlash/QuizFlash/Core/Navigation/NavigationManager.swift (in target 'QuizFlash' from project 'QuizFlash')
    cd /Users/ionsocol/Documents/SWIFT/QuizFlash
    

SwiftCompile normal arm64 /Users/ionsocol/Documents/SWIFT/QuizFlash/QuizFlash/Core/Navigation/RootView.swift (in target 'QuizFlash' from project 'QuizFlash')
    cd /Users/ionsocol/Documents/SWIFT/QuizFlash
    

SwiftEmitModule normal arm64 Emitting\ module\ for\ QuizFlash (in target 'QuizFlash' from project 'QuizFlash')

EmitSwiftModule normal arm64 (in target 'QuizFlash' from project 'QuizFlash')
    cd /Users/ionsocol/Documents/SWIFT/QuizFlash
    
/Users/ionsocol/Documents/SWIFT/QuizFlash/QuizFlash/Features/DeckDetails/Components/DeckRowView.swift:176:21: warning: no 'async' operations occur within 'await' expression
        let actor = await getSharedActor(container: container)
                    ^
/Users/ionsocol/Documents/SWIFT/QuizFlash/QuizFlash/Features/DeckEditor/Components/MixedMathTextView.swift:221:37: warning: 'WKProcessPool' was deprecated in iOS 15.0: Creating and using multiple instances of WKProcessPool no longer has any effect.
    private let sharedProcessPool = WKProcessPool()
                                    ^

SwiftCompile normal arm64 Compiling\ SearchResultsView.swift,\ FlipCard.swift,\ GameplayCard.swift,\ SwipeableCard.swift,\ FlashCardsPlayModeViewModel.swift,\ GamificationModels.swift,\ ReviewModels.swift,\ FlashCardsModeSettingsView.swift,\ FlashCardsPlayModeView.swift,\ LearnModeView.swift,\ MatchModeView.swift,\ QuizModeView.swift,\ DeckPlayModeDestination.swift,\ PlayModeSettingsScreen.swift,\ WriteModeView.swift /Users/ionsocol/Documents/SWIFT/QuizFlash/QuizFlash/Features/Library/Views/SearchResultsView.swift /Users/ionsocol/Documents/SWIFT/QuizFlash/QuizFlash/Features/PlayMode/FlashCardsMode/Components/FlipCard.swift /Users/ionsocol/Documents/SWIFT/QuizFlash/QuizFlash/Features/PlayMode/FlashCardsMode/Components/GameplayCard.swift /Users/ionsocol/Documents/SWIFT/QuizFlash/QuizFlash/Features/PlayMode/FlashCardsMode/Components/SwipeableCard.swift /Users/ionsocol/Documents/SWIFT/QuizFlash/QuizFlash/Features/PlayMode/FlashCardsMode/ViewModels/FlashCardsPlayModeViewModel.swift /Users/ionsocol/Documents/SWIFT/QuizFlash/QuizFlash/Features/PlayMode/FlashCardsMode/ViewModels/GamificationModels.swift /Users/ionsocol/Documents/SWIFT/QuizFlash/QuizFlash/Features/PlayMode/FlashCardsMode/ViewModels/ReviewModels.swift /Users/ionsocol/Documents/SWIFT/QuizFlash/QuizFlash/Features/PlayMode/FlashCardsMode/Views/FlashCardsModeSettingsView.swift /Users/ionsocol/Documents/SWIFT/QuizFlash/QuizFlash/Features/PlayMode/FlashCardsMode/Views/FlashCardsPlayModeView.swift /Users/ionsocol/Documents/SWIFT/QuizFlash/QuizFlash/Features/PlayMode/LearnMode/Views/LearnModeView.swift /Users/ionsocol/Documents/SWIFT/QuizFlash/QuizFlash/Features/PlayMode/MatchMode/Views/MatchModeView.swift /Users/ionsocol/Documents/SWIFT/QuizFlash/QuizFlash/Features/PlayMode/QuizMode/Views/QuizModeView.swift /Users/ionsocol/Documents/SWIFT/QuizFlash/QuizFlash/Features/PlayMode/Shared/DeckPlayModeDestination.swift /Users/ionsocol/Documents/SWIFT/QuizFlash/QuizFlash/Features/PlayMode/Shared/PlayModeSettingsScreen.swift /Users/ionsocol/Documents/SWIFT/QuizFlash/QuizFlash/Features/PlayMode/WriteMode/Views/WriteModeView.swift (in target 'QuizFlash' from project 'QuizFlash')

SwiftCompile normal arm64 /Users/ionsocol/Documents/SWIFT/QuizFlash/QuizFlash/Features/Library/Views/SearchResultsView.swift (in target 'QuizFlash' from project 'QuizFlash')
    cd /Users/ionsocol/Documents/SWIFT/QuizFlash
    

SwiftCompile normal arm64 /Users/ionsocol/Documents/SWIFT/QuizFlash/QuizFlash/Features/PlayMode/FlashCardsMode/Components/FlipCard.swift (in target 'QuizFlash' from project 'QuizFlash')
    cd /Users/ionsocol/Documents/SWIFT/QuizFlash
    

SwiftCompile normal arm64 /Users/ionsocol/Documents/SWIFT/QuizFlash/QuizFlash/Features/PlayMode/FlashCardsMode/Components/GameplayCard.swift (in target 'QuizFlash' from project 'QuizFlash')
    cd /Users/ionsocol/Documents/SWIFT/QuizFlash
    

SwiftCompile normal arm64 /Users/ionsocol/Documents/SWIFT/QuizFlash/QuizFlash/Features/PlayMode/FlashCardsMode/Components/SwipeableCard.swift (in target 'QuizFlash' from project 'QuizFlash')
    cd /Users/ionsocol/Documents/SWIFT/QuizFlash
    

SwiftCompile normal arm64 /Users/ionsocol/Documents/SWIFT/QuizFlash/QuizFlash/Features/PlayMode/FlashCardsMode/ViewModels/FlashCardsPlayModeViewModel.swift (in target 'QuizFlash' from project 'QuizFlash')
    cd /Users/ionsocol/Documents/SWIFT/QuizFlash
    
/Users/ionsocol/Documents/SWIFT/QuizFlash/QuizFlash/Features/PlayMode/FlashCardsMode/ViewModels/FlashCardsPlayModeViewModel.swift:233:41: warning: main actor-isolated instance method 'safeModel(for:as:)' cannot be called from outside of the actor; this is an error in the Swift 6 language mode
            if let realCard = bgContext.safeModel(for: capturedCardID, as: CardModel.self) {
                              ~~~~~~~~~~^~~~~~~~~~~~~~~~~~~~~~~~~~~~~~~~~~~~~~~~~~~~~~~~~~
                              await 
/Users/ionsocol/Documents/SWIFT/QuizFlash/QuizFlash/Features/DeckEditor/Components/MixedMathTextView.swift:221:37: warning: 'WKProcessPool' was deprecated in iOS 15.0: Creating and using multiple instances of WKProcessPool no longer has any effect.
    private let sharedProcessPool = WKProcessPool()
                                    ^

SwiftCompile normal arm64 /Users/ionsocol/Documents/SWIFT/QuizFlash/QuizFlash/Features/PlayMode/FlashCardsMode/ViewModels/GamificationModels.swift (in target 'QuizFlash' from project 'QuizFlash')
    cd /Users/ionsocol/Documents/SWIFT/QuizFlash
    

SwiftCompile normal arm64 /Users/ionsocol/Documents/SWIFT/QuizFlash/QuizFlash/Features/PlayMode/FlashCardsMode/ViewModels/ReviewModels.swift (in target 'QuizFlash' from project 'QuizFlash')
    cd /Users/ionsocol/Documents/SWIFT/QuizFlash
    

SwiftCompile normal arm64 /Users/ionsocol/Documents/SWIFT/QuizFlash/QuizFlash/Features/PlayMode/FlashCardsMode/Views/FlashCardsModeSettingsView.swift (in target 'QuizFlash' from project 'QuizFlash')
    cd /Users/ionsocol/Documents/SWIFT/QuizFlash
    

SwiftCompile normal arm64 /Users/ionsocol/Documents/SWIFT/QuizFlash/QuizFlash/Features/PlayMode/FlashCardsMode/Views/FlashCardsPlayModeView.swift (in target 'QuizFlash' from project 'QuizFlash')
    cd /Users/ionsocol/Documents/SWIFT/QuizFlash
    

SwiftCompile normal arm64 /Users/ionsocol/Documents/SWIFT/QuizFlash/QuizFlash/Features/PlayMode/LearnMode/Views/LearnModeView.swift (in target 'QuizFlash' from project 'QuizFlash')
    cd /Users/ionsocol/Documents/SWIFT/QuizFlash
    

SwiftCompile normal arm64 /Users/ionsocol/Documents/SWIFT/QuizFlash/QuizFlash/Features/PlayMode/MatchMode/Views/MatchModeView.swift (in target 'QuizFlash' from project 'QuizFlash')
    cd /Users/ionsocol/Documents/SWIFT/QuizFlash
    

SwiftCompile normal arm64 /Users/ionsocol/Documents/SWIFT/QuizFlash/QuizFlash/Features/PlayMode/QuizMode/Views/QuizModeView.swift (in target 'QuizFlash' from project 'QuizFlash')
    cd /Users/ionsocol/Documents/SWIFT/QuizFlash
    

SwiftCompile normal arm64 /Users/ionsocol/Documents/SWIFT/QuizFlash/QuizFlash/Features/PlayMode/Shared/DeckPlayModeDestination.swift (in target 'QuizFlash' from project 'QuizFlash')
    cd /Users/ionsocol/Documents/SWIFT/QuizFlash
    

SwiftCompile normal arm64 /Users/ionsocol/Documents/SWIFT/QuizFlash/QuizFlash/Features/PlayMode/Shared/PlayModeSettingsScreen.swift (in target 'QuizFlash' from project 'QuizFlash')
    cd /Users/ionsocol/Documents/SWIFT/QuizFlash
    

SwiftCompile normal arm64 /Users/ionsocol/Documents/SWIFT/QuizFlash/QuizFlash/Features/PlayMode/WriteMode/Views/WriteModeView.swift (in target 'QuizFlash' from project 'QuizFlash')
    cd /Users/ionsocol/Documents/SWIFT/QuizFlash
    

SwiftCompile normal arm64 Compiling\ LearningHabitView.swift,\ DeckScrollState.swift,\ DeckViewModel.swift,\ DeckCardGridView.swift,\ DeckView.swift,\ AILoadingOverlay.swift,\ CanvasModalView.swift,\ CanvasView.swift,\ CodeSnippetView.swift,\ ContentBlock.swift,\ DetailedCardRowView.swift,\ EditorFormatMenuBar.swift,\ FABMenuItemView.swift,\ ImageCropEditorView.swift,\ MixedMathTextView.swift /Users/ionsocol/Documents/SWIFT/QuizFlash/QuizFlash/Features/DeckDetails/Components/LearningHabitView.swift /Users/ionsocol/Documents/SWIFT/QuizFlash/QuizFlash/Features/DeckDetails/ViewModels/DeckScrollState.swift /Users/ionsocol/Documents/SWIFT/QuizFlash/QuizFlash/Features/DeckDetails/ViewModels/DeckViewModel.swift /Users/ionsocol/Documents/SWIFT/QuizFlash/QuizFlash/Features/DeckDetails/Views/DeckCardGridView.swift /Users/ionsocol/Documents/SWIFT/QuizFlash/QuizFlash/Features/DeckDetails/Views/DeckView.swift /Users/ionsocol/Documents/SWIFT/QuizFlash/QuizFlash/Features/DeckEditor/Components/AILoadingOverlay.swift /Users/ionsocol/Documents/SWIFT/QuizFlash/QuizFlash/Features/DeckEditor/Components/CanvasModalView.swift /Users/ionsocol/Documents/SWIFT/QuizFlash/QuizFlash/Features/DeckEditor/Components/CanvasView.swift /Users/ionsocol/Documents/SWIFT/QuizFlash/QuizFlash/Features/DeckEditor/Components/CodeSnippetView.swift /Users/ionsocol/Documents/SWIFT/QuizFlash/QuizFlash/Features/DeckEditor/Components/ContentBlock.swift /Users/ionsocol/Documents/SWIFT/QuizFlash/QuizFlash/Features/DeckEditor/Components/DetailedCardRowView.swift /Users/ionsocol/Documents/SWIFT/QuizFlash/QuizFlash/Features/DeckEditor/Components/EditorFormatMenuBar.swift /Users/ionsocol/Documents/SWIFT/QuizFlash/QuizFlash/Features/DeckEditor/Components/FABMenuItemView.swift /Users/ionsocol/Documents/SWIFT/QuizFlash/QuizFlash/Features/DeckEditor/Components/ImageCropEditorView.swift /Users/ionsocol/Documents/SWIFT/QuizFlash/QuizFlash/Features/DeckEditor/Components/MixedMathTextView.swift (in target 'QuizFlash' from project 'QuizFlash')
SwiftCompile normal arm64 /Users/ionsocol/Documents/SWIFT/QuizFlash/QuizFlash/Features/DeckDetails/Components/LearningHabitView.swift (in target 'QuizFlash' from project 'QuizFlash')
    cd /Users/ionsocol/Documents/SWIFT/QuizFlash
    

SwiftCompile normal arm64 /Users/ionsocol/Documents/SWIFT/QuizFlash/QuizFlash/Features/DeckDetails/ViewModels/DeckScrollState.swift (in target 'QuizFlash' from project 'QuizFlash')
    cd /Users/ionsocol/Documents/SWIFT/QuizFlash
    

SwiftCompile normal arm64 /Users/ionsocol/Documents/SWIFT/QuizFlash/QuizFlash/Features/DeckDetails/ViewModels/DeckViewModel.swift (in target 'QuizFlash' from project 'QuizFlash')
    cd /Users/ionsocol/Documents/SWIFT/QuizFlash
    

SwiftCompile normal arm64 /Users/ionsocol/Documents/SWIFT/QuizFlash/QuizFlash/Features/DeckDetails/Views/DeckCardGridView.swift (in target 'QuizFlash' from project 'QuizFlash')
    cd /Users/ionsocol/Documents/SWIFT/QuizFlash
    
/Users/ionsocol/Documents/SWIFT/QuizFlash/QuizFlash/Features/DeckDetails/Views/DeckCardGridView.swift:947:13: warning: main actor-isolated property 'isLeaf' can not be referenced from a nonisolated context
    if zone.isLeaf {
            ^
/Users/ionsocol/Documents/SWIFT/QuizFlash/QuizFlash/Domain/Models/ZoneModel.swift:114:9: note: property declared here
    var isLeaf: Bool { children == nil || children?.isEmpty == true }
        ^
/Users/ionsocol/Documents/SWIFT/QuizFlash/QuizFlash/Features/DeckDetails/Views/DeckCardGridView.swift:955:13: warning: main actor-isolated property 'isLeaf' can not be referenced from a nonisolated context
    if zone.isLeaf { return zone.contentType == contentType && zone.imageData != nil }
            ^
/Users/ionsocol/Documents/SWIFT/QuizFlash/QuizFlash/Domain/Models/ZoneModel.swift:114:9: note: property declared here
    var isLeaf: Bool { children == nil || children?.isEmpty == true }
        ^

SwiftCompile normal arm64 /Users/ionsocol/Documents/SWIFT/QuizFlash/QuizFlash/Features/DeckDetails/Views/DeckView.swift (in target 'QuizFlash' from project 'QuizFlash')
    cd /Users/ionsocol/Documents/SWIFT/QuizFlash
    

SwiftCompile normal arm64 /Users/ionsocol/Documents/SWIFT/QuizFlash/QuizFlash/Features/DeckEditor/Components/AILoadingOverlay.swift (in target 'QuizFlash' from project 'QuizFlash')
    cd /Users/ionsocol/Documents/SWIFT/QuizFlash
    

SwiftCompile normal arm64 /Users/ionsocol/Documents/SWIFT/QuizFlash/QuizFlash/Features/DeckEditor/Components/CanvasModalView.swift (in target 'QuizFlash' from project 'QuizFlash')
    cd /Users/ionsocol/Documents/SWIFT/QuizFlash
    

SwiftCompile normal arm64 /Users/ionsocol/Documents/SWIFT/QuizFlash/QuizFlash/Features/DeckEditor/Components/CanvasView.swift (in target 'QuizFlash' from project 'QuizFlash')
    cd /Users/ionsocol/Documents/SWIFT/QuizFlash
    

SwiftCompile normal arm64 /Users/ionsocol/Documents/SWIFT/QuizFlash/QuizFlash/Features/DeckEditor/Components/CodeSnippetView.swift (in target 'QuizFlash' from project 'QuizFlash')
    cd /Users/ionsocol/Documents/SWIFT/QuizFlash
    

SwiftCompile normal arm64 /Users/ionsocol/Documents/SWIFT/QuizFlash/QuizFlash/Features/DeckEditor/Components/ContentBlock.swift (in target 'QuizFlash' from project 'QuizFlash')
    cd /Users/ionsocol/Documents/SWIFT/QuizFlash
    

SwiftCompile normal arm64 /Users/ionsocol/Documents/SWIFT/QuizFlash/QuizFlash/Features/DeckEditor/Components/DetailedCardRowView.swift (in target 'QuizFlash' from project 'QuizFlash')
    cd /Users/ionsocol/Documents/SWIFT/QuizFlash
    

SwiftCompile normal arm64 /Users/ionsocol/Documents/SWIFT/QuizFlash/QuizFlash/Features/DeckEditor/Components/EditorFormatMenuBar.swift (in target 'QuizFlash' from project 'QuizFlash')
    cd /Users/ionsocol/Documents/SWIFT/QuizFlash
    

SwiftCompile normal arm64 /Users/ionsocol/Documents/SWIFT/QuizFlash/QuizFlash/Features/DeckEditor/Components/FABMenuItemView.swift (in target 'QuizFlash' from project 'QuizFlash')
    cd /Users/ionsocol/Documents/SWIFT/QuizFlash
    

SwiftCompile normal arm64 /Users/ionsocol/Documents/SWIFT/QuizFlash/QuizFlash/Features/DeckEditor/Components/ImageCropEditorView.swift (in target 'QuizFlash' from project 'QuizFlash')
    cd /Users/ionsocol/Documents/SWIFT/QuizFlash
    

SwiftCompile normal arm64 /Users/ionsocol/Documents/SWIFT/QuizFlash/QuizFlash/Features/DeckEditor/Components/MixedMathTextView.swift (in target 'QuizFlash' from project 'QuizFlash')
    cd /Users/ionsocol/Documents/SWIFT/QuizFlash
    
/Users/ionsocol/Documents/SWIFT/QuizFlash/QuizFlash/Features/DeckEditor/Components/MixedMathTextView.swift:221:37: warning: 'WKProcessPool' was deprecated in iOS 15.0: Creating and using multiple instances of WKProcessPool no longer has any effect.
    private let sharedProcessPool = WKProcessPool()
                                    ^
/Users/ionsocol/Documents/SWIFT/QuizFlash/QuizFlash/Features/DeckEditor/Components/MixedMathTextView.swift:289:16: warning: 'processPool' was deprecated in iOS 15.0: Creating and using multiple instances of WKProcessPool no longer has any effect.
        config.processPool = sharedProcessPool
               ^

SwiftCompile normal arm64 Compiling\ AIProviderSettingsView.swift,\ SettingsCardAppearanceView.swift,\ SettingsView.swift,\ AIFlashcardService.swift,\ AIGenerationBackgroundCoordinator.swift,\ AIGenerationSessionStore.swift,\ AIGenerationState.swift,\ AIProviderStore.swift,\ AIZoneParser.swift,\ DocumentTextExtractor.swift,\ AuthManager.swift,\ LibrarySearchActor.swift,\ SearchEngine.swift,\ DeckSharingManager.swift,\ GeneratedAssetSymbols.swift /Users/ionsocol/Documents/SWIFT/QuizFlash/QuizFlash/Features/Settings/Views/AIProviderSettingsView.swift /Users/ionsocol/Documents/SWIFT/QuizFlash/QuizFlash/Features/Settings/Views/SettingsCardAppearanceView.swift /Users/ionsocol/Documents/SWIFT/QuizFlash/QuizFlash/Features/Settings/Views/SettingsView.swift /Users/ionsocol/Documents/SWIFT/QuizFlash/QuizFlash/Services/AI/AIFlashcardService.swift /Users/ionsocol/Documents/SWIFT/QuizFlash/QuizFlash/Services/AI/AIGenerationBackgroundCoordinator.swift /Users/ionsocol/Documents/SWIFT/QuizFlash/QuizFlash/Services/AI/AIGenerationSessionStore.swift /Users/ionsocol/Documents/SWIFT/QuizFlash/QuizFlash/Services/AI/AIGenerationState.swift /Users/ionsocol/Documents/SWIFT/QuizFlash/QuizFlash/Services/AI/AIProviderStore.swift /Users/ionsocol/Documents/SWIFT/QuizFlash/QuizFlash/Services/AI/AIZoneParser.swift /Users/ionsocol/Documents/SWIFT/QuizFlash/QuizFlash/Services/AI/DocumentTextExtractor.swift /Users/ionsocol/Documents/SWIFT/QuizFlash/QuizFlash/Services/Auth/AuthManager.swift /Users/ionsocol/Documents/SWIFT/QuizFlash/QuizFlash/Services/Search/LibrarySearchActor.swift /Users/ionsocol/Documents/SWIFT/QuizFlash/QuizFlash/Services/Search/SearchEngine.swift /Users/ionsocol/Documents/SWIFT/QuizFlash/QuizFlash/Services/Storage/DeckSharingManager.swift /Users/ionsocol/Library/Developer/Xcode/DerivedData/QuizFlash-cavanlznwptgdmfvvpeqonrhackf/Build/Intermediates.noindex/QuizFlash.build/Debug-iphoneos/QuizFlash.build/DerivedSources/GeneratedAssetSymbols.swift (in target 'QuizFlash' from project 'QuizFlash')

SwiftCompile normal arm64 /Users/ionsocol/Documents/SWIFT/QuizFlash/QuizFlash/Features/Settings/Views/AIProviderSettingsView.swift (in target 'QuizFlash' from project 'QuizFlash')
    cd /Users/ionsocol/Documents/SWIFT/QuizFlash
    

SwiftCompile normal arm64 /Users/ionsocol/Documents/SWIFT/QuizFlash/QuizFlash/Features/Settings/Views/SettingsCardAppearanceView.swift (in target 'QuizFlash' from project 'QuizFlash')
    cd /Users/ionsocol/Documents/SWIFT/QuizFlash
    

SwiftCompile normal arm64 /Users/ionsocol/Documents/SWIFT/QuizFlash/QuizFlash/Features/Settings/Views/SettingsView.swift (in target 'QuizFlash' from project 'QuizFlash')
    cd /Users/ionsocol/Documents/SWIFT/QuizFlash
    

SwiftCompile normal arm64 /Users/ionsocol/Documents/SWIFT/QuizFlash/QuizFlash/Services/AI/AIFlashcardService.swift (in target 'QuizFlash' from project 'QuizFlash')
    cd /Users/ionsocol/Documents/SWIFT/QuizFlash
    

SwiftCompile normal arm64 /Users/ionsocol/Documents/SWIFT/QuizFlash/QuizFlash/Services/AI/AIGenerationBackgroundCoordinator.swift (in target 'QuizFlash' from project 'QuizFlash')
    cd /Users/ionsocol/Documents/SWIFT/QuizFlash
    

SwiftCompile normal arm64 /Users/ionsocol/Documents/SWIFT/QuizFlash/QuizFlash/Services/AI/AIGenerationSessionStore.swift (in target 'QuizFlash' from project 'QuizFlash')
    cd /Users/ionsocol/Documents/SWIFT/QuizFlash
    
/Users/ionsocol/Documents/SWIFT/QuizFlash/QuizFlash/Services/AI/AIGenerationSessionStore.swift:132:32: warning: main actor-isolated conformance of 'AIPausedSession' to 'Encodable' cannot be used in actor-isolated context; this is an error in the Swift 6 language mode
        let data = try encoder.encode(session)
                               ^
/Users/ionsocol/Documents/SWIFT/QuizFlash/QuizFlash/Services/AI/AIGenerationSessionStore.swift:144:39: warning: main actor-isolated conformance of 'AIPausedSession' to 'Decodable' cannot be used in actor-isolated context; this is an error in the Swift 6 language mode
            let session = try decoder.decode(AIPausedSession.self, from: data)
                                      ^

SwiftCompile normal arm64 /Users/ionsocol/Documents/SWIFT/QuizFlash/QuizFlash/Services/AI/AIGenerationState.swift (in target 'QuizFlash' from project 'QuizFlash')
    cd /Users/ionsocol/Documents/SWIFT/QuizFlash
    

SwiftCompile normal arm64 /Users/ionsocol/Documents/SWIFT/QuizFlash/QuizFlash/Services/AI/AIProviderStore.swift (in target 'QuizFlash' from project 'QuizFlash')
    cd /Users/ionsocol/Documents/SWIFT/QuizFlash
    

SwiftCompile normal arm64 /Users/ionsocol/Documents/SWIFT/QuizFlash/QuizFlash/Services/AI/AIZoneParser.swift (in target 'QuizFlash' from project 'QuizFlash')
    cd /Users/ionsocol/Documents/SWIFT/QuizFlash
    

SwiftCompile normal arm64 /Users/ionsocol/Documents/SWIFT/QuizFlash/QuizFlash/Services/AI/DocumentTextExtractor.swift (in target 'QuizFlash' from project 'QuizFlash')
    cd /Users/ionsocol/Documents/SWIFT/QuizFlash
    

SwiftCompile normal arm64 /Users/ionsocol/Documents/SWIFT/QuizFlash/QuizFlash/Services/Auth/AuthManager.swift (in target 'QuizFlash' from project 'QuizFlash')
    cd /Users/ionsocol/Documents/SWIFT/QuizFlash
    

SwiftCompile normal arm64 /Users/ionsocol/Documents/SWIFT/QuizFlash/QuizFlash/Services/Search/LibrarySearchActor.swift (in target 'QuizFlash' from project 'QuizFlash')
    cd /Users/ionsocol/Documents/SWIFT/QuizFlash
    

SwiftCompile normal arm64 /Users/ionsocol/Documents/SWIFT/QuizFlash/QuizFlash/Services/Search/SearchEngine.swift (in target 'QuizFlash' from project 'QuizFlash')
    cd /Users/ionsocol/Documents/SWIFT/QuizFlash
    

SwiftCompile normal arm64 /Users/ionsocol/Documents/SWIFT/QuizFlash/QuizFlash/Services/Storage/DeckSharingManager.swift (in target 'QuizFlash' from project 'QuizFlash')
    cd /Users/ionsocol/Documents/SWIFT/QuizFlash
    

SwiftCompile normal arm64 /Users/ionsocol/Library/Developer/Xcode/DerivedData/QuizFlash-cavanlznwptgdmfvvpeqonrhackf/Build/Intermediates.noindex/QuizFlash.build/Debug-iphoneos/QuizFlash.build/DerivedSources/GeneratedAssetSymbols.swift (in target 'QuizFlash' from project 'QuizFlash')
    cd /Users/ionsocol/Documents/SWIFT/QuizFlash
    

SwiftCompile normal arm64 Compiling\ CreateDeckViewModel.swift,\ ZoneCardContent.swift,\ AIGenerationSheetView.swift,\ AIGenerationView.swift,\ CardPreviewModeView.swift,\ CreateCardView.swift,\ CreateDeckView.swift,\ ZoneView.swift,\ ZoneController.swift,\ ZoneFocusManager.swift,\ ZoneTextView.swift,\ FolderCardView.swift,\ HomeCalendarSectionView.swift,\ HomeRecentDeckCardView.swift,\ HomeStatsView.swift /Users/ionsocol/Documents/SWIFT/QuizFlash/QuizFlash/Features/DeckEditor/ViewModels/CreateDeckViewModel.swift /Users/ionsocol/Documents/SWIFT/QuizFlash/QuizFlash/Features/DeckEditor/ViewModels/ZoneCardContent.swift /Users/ionsocol/Documents/SWIFT/QuizFlash/QuizFlash/Features/DeckEditor/Views/AIGenerationSheetView.swift /Users/ionsocol/Documents/SWIFT/QuizFlash/QuizFlash/Features/DeckEditor/Views/AIGenerationView.swift /Users/ionsocol/Documents/SWIFT/QuizFlash/QuizFlash/Features/DeckEditor/Views/CardPreviewModeView.swift /Users/ionsocol/Documents/SWIFT/QuizFlash/QuizFlash/Features/DeckEditor/Views/CreateCardView.swift /Users/ionsocol/Documents/SWIFT/QuizFlash/QuizFlash/Features/DeckEditor/Views/CreateDeckView.swift /Users/ionsocol/Documents/SWIFT/QuizFlash/QuizFlash/Features/DeckEditor/Views/ZoneView.swift /Users/ionsocol/Documents/SWIFT/QuizFlash/QuizFlash/Features/DeckEditor/ZoneLogic/ZoneController.swift /Users/ionsocol/Documents/SWIFT/QuizFlash/QuizFlash/Features/DeckEditor/ZoneLogic/ZoneFocusManager.swift /Users/ionsocol/Documents/SWIFT/QuizFlash/QuizFlash/Features/DeckEditor/ZoneLogic/ZoneTextView.swift /Users/ionsocol/Documents/SWIFT/QuizFlash/QuizFlash/Features/Home/Components/FolderCardView.swift /Users/ionsocol/Documents/SWIFT/QuizFlash/QuizFlash/Features/Home/Components/HomeCalendarSectionView.swift /Users/ionsocol/Documents/SWIFT/QuizFlash/QuizFlash/Features/Home/Components/HomeRecentDeckCardView.swift /Users/ionsocol/Documents/SWIFT/QuizFlash/QuizFlash/Features/Home/Components/HomeStatsView.swift (in target 'QuizFlash' from project 'QuizFlash')
SwiftCompile normal arm64 /Users/ionsocol/Documents/SWIFT/QuizFlash/QuizFlash/Features/DeckEditor/ViewModels/CreateDeckViewModel.swift (in target 'QuizFlash' from project 'QuizFlash')
    cd /Users/ionsocol/Documents/SWIFT/QuizFlash
    
/Users/ionsocol/Documents/SWIFT/QuizFlash/QuizFlash/Features/DeckEditor/ViewModels/CreateDeckViewModel.swift:1205:22: warning: variable 'self' was written to, but never read
        Task { [weak self] in
                     ^

SwiftCompile normal arm64 /Users/ionsocol/Documents/SWIFT/QuizFlash/QuizFlash/Features/DeckEditor/ViewModels/ZoneCardContent.swift (in target 'QuizFlash' from project 'QuizFlash')
    cd /Users/ionsocol/Documents/SWIFT/QuizFlash
    

SwiftCompile normal arm64 /Users/ionsocol/Documents/SWIFT/QuizFlash/QuizFlash/Features/DeckEditor/Views/AIGenerationSheetView.swift (in target 'QuizFlash' from project 'QuizFlash')
    cd /Users/ionsocol/Documents/SWIFT/QuizFlash
    

SwiftCompile normal arm64 /Users/ionsocol/Documents/SWIFT/QuizFlash/QuizFlash/Features/DeckEditor/Views/AIGenerationView.swift (in target 'QuizFlash' from project 'QuizFlash')
    cd /Users/ionsocol/Documents/SWIFT/QuizFlash
    

SwiftCompile normal arm64 /Users/ionsocol/Documents/SWIFT/QuizFlash/QuizFlash/Features/DeckEditor/Views/CardPreviewModeView.swift (in target 'QuizFlash' from project 'QuizFlash')
    cd /Users/ionsocol/Documents/SWIFT/QuizFlash
    

SwiftCompile normal arm64 /Users/ionsocol/Documents/SWIFT/QuizFlash/QuizFlash/Features/DeckEditor/Views/CreateCardView.swift (in target 'QuizFlash' from project 'QuizFlash')
    cd /Users/ionsocol/Documents/SWIFT/QuizFlash
    

SwiftCompile normal arm64 /Users/ionsocol/Documents/SWIFT/QuizFlash/QuizFlash/Features/DeckEditor/Views/CreateDeckView.swift (in target 'QuizFlash' from project 'QuizFlash')
    cd /Users/ionsocol/Documents/SWIFT/QuizFlash
    

SwiftCompile normal arm64 /Users/ionsocol/Documents/SWIFT/QuizFlash/QuizFlash/Features/DeckEditor/Views/ZoneView.swift (in target 'QuizFlash' from project 'QuizFlash')
    cd /Users/ionsocol/Documents/SWIFT/QuizFlash
    

SwiftCompile normal arm64 /Users/ionsocol/Documents/SWIFT/QuizFlash/QuizFlash/Features/DeckEditor/ZoneLogic/ZoneController.swift (in target 'QuizFlash' from project 'QuizFlash')
    cd /Users/ionsocol/Documents/SWIFT/QuizFlash
    

SwiftCompile normal arm64 /Users/ionsocol/Documents/SWIFT/QuizFlash/QuizFlash/Features/DeckEditor/ZoneLogic/ZoneFocusManager.swift (in target 'QuizFlash' from project 'QuizFlash')
    cd /Users/ionsocol/Documents/SWIFT/QuizFlash
    

SwiftCompile normal arm64 /Users/ionsocol/Documents/SWIFT/QuizFlash/QuizFlash/Features/DeckEditor/ZoneLogic/ZoneTextView.swift (in target 'QuizFlash' from project 'QuizFlash')
    cd /Users/ionsocol/Documents/SWIFT/QuizFlash
    

SwiftCompile normal arm64 /Users/ionsocol/Documents/SWIFT/QuizFlash/QuizFlash/Features/Home/Components/FolderCardView.swift (in target 'QuizFlash' from project 'QuizFlash')
    cd /Users/ionsocol/Documents/SWIFT/QuizFlash
    

SwiftCompile normal arm64 /Users/ionsocol/Documents/SWIFT/QuizFlash/QuizFlash/Features/Home/Components/HomeCalendarSectionView.swift (in target 'QuizFlash' from project 'QuizFlash')
    cd /Users/ionsocol/Documents/SWIFT/QuizFlash
    

SwiftCompile normal arm64 /Users/ionsocol/Documents/SWIFT/QuizFlash/QuizFlash/Features/Home/Components/HomeRecentDeckCardView.swift (in target 'QuizFlash' from project 'QuizFlash')
    cd /Users/ionsocol/Documents/SWIFT/QuizFlash
    

SwiftCompile normal arm64 /Users/ionsocol/Documents/SWIFT/QuizFlash/QuizFlash/Features/Home/Components/HomeStatsView.swift (in target 'QuizFlash' from project 'QuizFlash')
    cd /Users/ionsocol/Documents/SWIFT/QuizFlash
    

SwiftCompile normal arm64 Compiling\ CalendarViewModel.swift,\ HomeViewModel.swift,\ FolderView.swift,\ HomeDashboardView.swift,\ HomeView.swift,\ LibraryContentViews.swift,\ LibraryGrouping.swift,\ LibraryLayout.swift,\ LibrarySelectionBarView.swift,\ LibraryTopBarView.swift,\ Libraryviewmodifiers.swift,\ HighlightContext.swift,\ LibraryViewModel.swift,\ SearchModels.swift,\ LibraryView.swift /Users/ionsocol/Documents/SWIFT/QuizFlash/QuizFlash/Features/Home/ViewModels/CalendarViewModel.swift /Users/ionsocol/Documents/SWIFT/QuizFlash/QuizFlash/Features/Home/ViewModels/HomeViewModel.swift /Users/ionsocol/Documents/SWIFT/QuizFlash/QuizFlash/Features/Home/Views/FolderView.swift /Users/ionsocol/Documents/SWIFT/QuizFlash/QuizFlash/Features/Home/Views/HomeDashboardView.swift /Users/ionsocol/Documents/SWIFT/QuizFlash/QuizFlash/Features/Home/Views/HomeView.swift /Users/ionsocol/Documents/SWIFT/QuizFlash/QuizFlash/Features/Library/Components/LibraryContentViews.swift /Users/ionsocol/Documents/SWIFT/QuizFlash/QuizFlash/Features/Library/Components/LibraryGrouping.swift /Users/ionsocol/Documents/SWIFT/QuizFlash/QuizFlash/Features/Library/Components/LibraryLayout.swift /Users/ionsocol/Documents/SWIFT/QuizFlash/QuizFlash/Features/Library/Components/LibrarySelectionBarView.swift /Users/ionsocol/Documents/SWIFT/QuizFlash/QuizFlash/Features/Library/Components/LibraryTopBarView.swift /Users/ionsocol/Documents/SWIFT/QuizFlash/QuizFlash/Features/Library/Components/Libraryviewmodifiers.swift /Users/ionsocol/Documents/SWIFT/QuizFlash/QuizFlash/Features/Library/ViewModels/HighlightContext.swift /Users/ionsocol/Documents/SWIFT/QuizFlash/QuizFlash/Features/Library/ViewModels/LibraryViewModel.swift /Users/ionsocol/Documents/SWIFT/QuizFlash/QuizFlash/Features/Library/ViewModels/SearchModels.swift /Users/ionsocol/Documents/SWIFT/QuizFlash/QuizFlash/Features/Library/Views/LibraryView.swift (in target 'QuizFlash' from project 'QuizFlash')

SwiftCompile normal arm64 /Users/ionsocol/Documents/SWIFT/QuizFlash/QuizFlash/Features/Home/ViewModels/CalendarViewModel.swift (in target 'QuizFlash' from project 'QuizFlash')
    cd /Users/ionsocol/Documents/SWIFT/QuizFlash
    

SwiftCompile normal arm64 /Users/ionsocol/Documents/SWIFT/QuizFlash/QuizFlash/Features/Home/ViewModels/HomeViewModel.swift (in target 'QuizFlash' from project 'QuizFlash')
    cd /Users/ionsocol/Documents/SWIFT/QuizFlash
    

SwiftCompile normal arm64 /Users/ionsocol/Documents/SWIFT/QuizFlash/QuizFlash/Features/Home/Views/FolderView.swift (in target 'QuizFlash' from project 'QuizFlash')
    cd /Users/ionsocol/Documents/SWIFT/QuizFlash
    

SwiftCompile normal arm64 /Users/ionsocol/Documents/SWIFT/QuizFlash/QuizFlash/Features/Home/Views/HomeDashboardView.swift (in target 'QuizFlash' from project 'QuizFlash')
    cd /Users/ionsocol/Documents/SWIFT/QuizFlash
    

SwiftCompile normal arm64 /Users/ionsocol/Documents/SWIFT/QuizFlash/QuizFlash/Features/Home/Views/HomeView.swift (in target 'QuizFlash' from project 'QuizFlash')
    cd /Users/ionsocol/Documents/SWIFT/QuizFlash
    

SwiftCompile normal arm64 /Users/ionsocol/Documents/SWIFT/QuizFlash/QuizFlash/Features/Library/Components/LibraryContentViews.swift (in target 'QuizFlash' from project 'QuizFlash')
    cd /Users/ionsocol/Documents/SWIFT/QuizFlash
    

SwiftCompile normal arm64 /Users/ionsocol/Documents/SWIFT/QuizFlash/QuizFlash/Features/Library/Components/LibraryGrouping.swift (in target 'QuizFlash' from project 'QuizFlash')
    cd /Users/ionsocol/Documents/SWIFT/QuizFlash
    

SwiftCompile normal arm64 /Users/ionsocol/Documents/SWIFT/QuizFlash/QuizFlash/Features/Library/Components/LibraryLayout.swift (in target 'QuizFlash' from project 'QuizFlash')
    cd /Users/ionsocol/Documents/SWIFT/QuizFlash
    

SwiftCompile normal arm64 /Users/ionsocol/Documents/SWIFT/QuizFlash/QuizFlash/Features/Library/Components/LibrarySelectionBarView.swift (in target 'QuizFlash' from project 'QuizFlash')
    cd /Users/ionsocol/Documents/SWIFT/QuizFlash
    

SwiftCompile normal arm64 /Users/ionsocol/Documents/SWIFT/QuizFlash/QuizFlash/Features/Library/Components/LibraryTopBarView.swift (in target 'QuizFlash' from project 'QuizFlash')
    cd /Users/ionsocol/Documents/SWIFT/QuizFlash
    

SwiftCompile normal arm64 /Users/ionsocol/Documents/SWIFT/QuizFlash/QuizFlash/Features/Library/Components/Libraryviewmodifiers.swift (in target 'QuizFlash' from project 'QuizFlash')
    cd /Users/ionsocol/Documents/SWIFT/QuizFlash
    

SwiftCompile normal arm64 /Users/ionsocol/Documents/SWIFT/QuizFlash/QuizFlash/Features/Library/ViewModels/HighlightContext.swift (in target 'QuizFlash' from project 'QuizFlash')
    cd /Users/ionsocol/Documents/SWIFT/QuizFlash
    

SwiftCompile normal arm64 /Users/ionsocol/Documents/SWIFT/QuizFlash/QuizFlash/Features/Library/ViewModels/LibraryViewModel.swift (in target 'QuizFlash' from project 'QuizFlash')
    cd /Users/ionsocol/Documents/SWIFT/QuizFlash
    

SwiftCompile normal arm64 /Users/ionsocol/Documents/SWIFT/QuizFlash/QuizFlash/Features/Library/ViewModels/SearchModels.swift (in target 'QuizFlash' from project 'QuizFlash')
    cd /Users/ionsocol/Documents/SWIFT/QuizFlash
    

SwiftCompile normal arm64 /Users/ionsocol/Documents/SWIFT/QuizFlash/QuizFlash/Features/Library/Views/LibraryView.swift (in target 'QuizFlash' from project 'QuizFlash')
    cd /Users/ionsocol/Documents/SWIFT/QuizFlash
    

SwiftDriverJobDiscovery normal arm64 Compiling LibraryExtension.swift, ModelContext+SafeFetch.swift, ImageCache.swift, MathTextSanitizer.swift, ScrollPositionRestorer.swift, ScrollProximityEffect.swift, ScrollViewEmptySpaceTap.swift, AppTabBar.swift, CustomTabBar.swift, NativeTabBarConfigurator.swift, TabBarVisibility.swift, DeckNavigationValue.swift, MainAppView.swift, NavigationManager.swift, RootView.swift (in target 'QuizFlash' from project 'QuizFlash')

SwiftCompile normal arm64 Compiling\ QuizFlashApp.swift,\ AvatarView.swift,\ CodeBlockPreviewView.swift,\ CustomMenuButton.swift,\ EdgeShadowOverlay.swift,\ HighlightedText.swift,\ SelectionToolbarControls.swift,\ VisionOSStyleView.swift,\ SelectionDismissModifier.swift,\ SwipeBackModifier.swift,\ View+FullScreenSheet.swift,\ View+Styles.swift,\ ThemeManager.swift,\ UIConstants.swift,\ Date+Extensions.swift /Users/ionsocol/Documents/SWIFT/QuizFlash/QuizFlash/App/QuizFlashApp.swift /Users/ionsocol/Documents/SWIFT/QuizFlash/QuizFlash/Core/DesignSystem/Components/AvatarView.swift /Users/ionsocol/Documents/SWIFT/QuizFlash/QuizFlash/Core/DesignSystem/Components/CodeBlockPreviewView.swift /Users/ionsocol/Documents/SWIFT/QuizFlash/QuizFlash/Core/DesignSystem/Components/CustomMenuButton.swift /Users/ionsocol/Documents/SWIFT/QuizFlash/QuizFlash/Core/DesignSystem/Components/EdgeShadowOverlay.swift /Users/ionsocol/Documents/SWIFT/QuizFlash/QuizFlash/Core/DesignSystem/Components/HighlightedText.swift /Users/ionsocol/Documents/SWIFT/QuizFlash/QuizFlash/Core/DesignSystem/Components/SelectionToolbarControls.swift /Users/ionsocol/Documents/SWIFT/QuizFlash/QuizFlash/Core/DesignSystem/Components/VisionOSStyleView.swift /Users/ionsocol/Documents/SWIFT/QuizFlash/QuizFlash/Core/DesignSystem/Modifiers/SelectionDismissModifier.swift /Users/ionsocol/Documents/SWIFT/QuizFlash/QuizFlash/Core/DesignSystem/Modifiers/SwipeBackModifier.swift /Users/ionsocol/Documents/SWIFT/QuizFlash/QuizFlash/Core/DesignSystem/Modifiers/View+FullScreenSheet.swift /Users/ionsocol/Documents/SWIFT/QuizFlash/QuizFlash/Core/DesignSystem/Modifiers/View+Styles.swift /Users/ionsocol/Documents/SWIFT/QuizFlash/QuizFlash/Core/DesignSystem/Theme/ThemeManager.swift /Users/ionsocol/Documents/SWIFT/QuizFlash/QuizFlash/Core/DesignSystem/Theme/UIConstants.swift /Users/ionsocol/Documents/SWIFT/QuizFlash/QuizFlash/Core/Extensions/Date+Extensions.swift (in target 'QuizFlash' from project 'QuizFlash')

SwiftCompile normal arm64 /Users/ionsocol/Documents/SWIFT/QuizFlash/QuizFlash/App/QuizFlashApp.swift (in target 'QuizFlash' from project 'QuizFlash')
    cd /Users/ionsocol/Documents/SWIFT/QuizFlash
    
/Users/ionsocol/Documents/SWIFT/QuizFlash/QuizFlash/Features/DeckEditor/Components/MixedMathTextView.swift:221:37: warning: 'WKProcessPool' was deprecated in iOS 15.0: Creating and using multiple instances of WKProcessPool no longer has any effect.
    private let sharedProcessPool = WKProcessPool()
                                    ^

SwiftCompile normal arm64 /Users/ionsocol/Documents/SWIFT/QuizFlash/QuizFlash/Core/DesignSystem/Components/AvatarView.swift (in target 'QuizFlash' from project 'QuizFlash')
    cd /Users/ionsocol/Documents/SWIFT/QuizFlash
    

SwiftCompile normal arm64 /Users/ionsocol/Documents/SWIFT/QuizFlash/QuizFlash/Core/DesignSystem/Components/CodeBlockPreviewView.swift (in target 'QuizFlash' from project 'QuizFlash')
    cd /Users/ionsocol/Documents/SWIFT/QuizFlash
    

SwiftCompile normal arm64 /Users/ionsocol/Documents/SWIFT/QuizFlash/QuizFlash/Core/DesignSystem/Components/CustomMenuButton.swift (in target 'QuizFlash' from project 'QuizFlash')
    cd /Users/ionsocol/Documents/SWIFT/QuizFlash
    

SwiftCompile normal arm64 /Users/ionsocol/Documents/SWIFT/QuizFlash/QuizFlash/Core/DesignSystem/Components/EdgeShadowOverlay.swift (in target 'QuizFlash' from project 'QuizFlash')
    cd /Users/ionsocol/Documents/SWIFT/QuizFlash
    

SwiftCompile normal arm64 /Users/ionsocol/Documents/SWIFT/QuizFlash/QuizFlash/Core/DesignSystem/Components/HighlightedText.swift (in target 'QuizFlash' from project 'QuizFlash')
    cd /Users/ionsocol/Documents/SWIFT/QuizFlash
    

SwiftCompile normal arm64 /Users/ionsocol/Documents/SWIFT/QuizFlash/QuizFlash/Core/DesignSystem/Components/SelectionToolbarControls.swift (in target 'QuizFlash' from project 'QuizFlash')
    cd /Users/ionsocol/Documents/SWIFT/QuizFlash
    

SwiftCompile normal arm64 /Users/ionsocol/Documents/SWIFT/QuizFlash/QuizFlash/Core/DesignSystem/Components/VisionOSStyleView.swift (in target 'QuizFlash' from project 'QuizFlash')
    cd /Users/ionsocol/Documents/SWIFT/QuizFlash
    

SwiftCompile normal arm64 /Users/ionsocol/Documents/SWIFT/QuizFlash/QuizFlash/Core/DesignSystem/Modifiers/SelectionDismissModifier.swift (in target 'QuizFlash' from project 'QuizFlash')
    cd /Users/ionsocol/Documents/SWIFT/QuizFlash
    

SwiftCompile normal arm64 /Users/ionsocol/Documents/SWIFT/QuizFlash/QuizFlash/Core/DesignSystem/Modifiers/SwipeBackModifier.swift (in target 'QuizFlash' from project 'QuizFlash')
    cd /Users/ionsocol/Documents/SWIFT/QuizFlash
    

SwiftCompile normal arm64 /Users/ionsocol/Documents/SWIFT/QuizFlash/QuizFlash/Core/DesignSystem/Modifiers/View+FullScreenSheet.swift (in target 'QuizFlash' from project 'QuizFlash')
    cd /Users/ionsocol/Documents/SWIFT/QuizFlash
    

SwiftCompile normal arm64 /Users/ionsocol/Documents/SWIFT/QuizFlash/QuizFlash/Core/DesignSystem/Modifiers/View+Styles.swift (in target 'QuizFlash' from project 'QuizFlash')
    cd /Users/ionsocol/Documents/SWIFT/QuizFlash
    

SwiftCompile normal arm64 /Users/ionsocol/Documents/SWIFT/QuizFlash/QuizFlash/Core/DesignSystem/Theme/ThemeManager.swift (in target 'QuizFlash' from project 'QuizFlash')
    cd /Users/ionsocol/Documents/SWIFT/QuizFlash
    

SwiftCompile normal arm64 /Users/ionsocol/Documents/SWIFT/QuizFlash/QuizFlash/Core/DesignSystem/Theme/UIConstants.swift (in target 'QuizFlash' from project 'QuizFlash')
    cd /Users/ionsocol/Documents/SWIFT/QuizFlash
    

SwiftCompile normal arm64 /Users/ionsocol/Documents/SWIFT/QuizFlash/QuizFlash/Core/Extensions/Date+Extensions.swift (in target 'QuizFlash' from project 'QuizFlash')
    cd /Users/ionsocol/Documents/SWIFT/QuizFlash
    

SwiftDriverJobDiscovery normal arm64 Emitting module for QuizFlash (in target 'QuizFlash' from project 'QuizFlash')

SwiftDriver\ Compilation\ Requirements QuizFlash normal arm64 com.apple.xcode.tools.swift.compiler (in target 'QuizFlash' from project 'QuizFlash')
    cd /Users/ionsocol/Documents/SWIFT/QuizFlash
    builtin-Swift-Compilation-Requirements -- /Applications/Xcode.app/Contents/Developer/Toolchains/XcodeDefault.xctoolchain/usr/bin/swiftc -module-name QuizFlash -Onone -enforce-exclusivity\=checked @/Users/ionsocol/Library/Developer/Xcode/DerivedData/QuizFlash-cavanlznwptgdmfvvpeqonrhackf/Build/Intermediates.noindex/QuizFlash.build/Debug-iphoneos/QuizFlash.build/Objects-normal/arm64/QuizFlash.SwiftFileList -DDEBUG -default-isolation\=MainActor -enable-bare-slash-regex -enable-upcoming-feature DisableOutwardActorInference -enable-upcoming-feature InferSendableFromCaptures -enable-upcoming-feature GlobalActorIsolatedTypesUsability -enable-upcoming-feature MemberImportVisibility -enable-upcoming-feature InferIsolatedConformances -enable-upcoming-feature NonisolatedNonsendingByDefault -enable-experimental-feature DebugDescriptionMacro -sdk /Applications/Xcode.app/Contents/Developer/Platforms/iPhoneOS.platform/Developer/SDKs/iPhoneOS26.2.sdk -target arm64-apple-ios17 -g -module-cache-path /Users/ionsocol/Library/Developer/Xcode/DerivedData/ModuleCache.noindex -Xfrontend -serialize-debugging-options -enable-testing -index-store-path /Users/ionsocol/Library/Developer/Xcode/DerivedData/QuizFlash-cavanlznwptgdmfvvpeqonrhackf/Index.noindex/DataStore -Xcc -D_LIBCPP_HARDENING_MODE\=_LIBCPP_HARDENING_MODE_DEBUG -swift-version 5 -I /Users/ionsocol/Library/Developer/Xcode/DerivedData/QuizFlash-cavanlznwptgdmfvvpeqonrhackf/Build/Products/Debug-iphoneos -F /Users/ionsocol/Library/Developer/Xcode/DerivedData/QuizFlash-cavanlznwptgdmfvvpeqonrhackf/Build/Products/Debug-iphoneos/PackageFrameworks -F /Users/ionsocol/Library/Developer/Xcode/DerivedData/QuizFlash-cavanlznwptgdmfvvpeqonrhackf/Build/Products/Debug-iphoneos -emit-localized-strings -emit-localized-strings-path /Users/ionsocol/Library/Developer/Xcode/DerivedData/QuizFlash-cavanlznwptgdmfvvpeqonrhackf/Build/Intermediates.noindex/QuizFlash.build/Debug-iphoneos/QuizFlash.build/Objects-normal/arm64 -c -j8 -enable-batch-mode -incremental -Xcc -ivfsstatcache -Xcc /Users/ionsocol/Library/Developer/Xcode/DerivedData/SDKStatCaches.noindex/iphoneos26.2-23C57-3794476bd08197c3e2abd9bb477ef7f7.sdkstatcache -output-file-map /Users/ionsocol/Library/Developer/Xcode/DerivedData/QuizFlash-cavanlznwptgdmfvvpeqonrhackf/Build/Intermediates.noindex/QuizFlash.build/Debug-iphoneos/QuizFlash.build/Objects-normal/arm64/QuizFlash-OutputFileMap.json -use-frontend-parseable-output -save-temps -no-color-diagnostics -explicit-module-build -module-cache-path /Users/ionsocol/Library/Developer/Xcode/DerivedData/QuizFlash-cavanlznwptgdmfvvpeqonrhackf/Build/Intermediates.noindex/SwiftExplicitPrecompiledModules -clang-scanner-module-cache-path /Users/ionsocol/Library/Developer/Xcode/DerivedData/ModuleCache.noindex -sdk-module-cache-path /Users/ionsocol/Library/Developer/Xcode/DerivedData/ModuleCache.noindex -serialize-diagnostics -emit-dependencies -emit-module -emit-module-path /Users/ionsocol/Library/Developer/Xcode/DerivedData/QuizFlash-cavanlznwptgdmfvvpeqonrhackf/Build/Intermediates.noindex/QuizFlash.build/Debug-iphoneos/QuizFlash.build/Objects-normal/arm64/QuizFlash.swiftmodule -validate-clang-modules-once -clang-build-session-file /Users/ionsocol/Library/Developer/Xcode/DerivedData/ModuleCache.noindex/Session.modulevalidation -Xcc -I/Users/ionsocol/Library/Developer/Xcode/DerivedData/QuizFlash-cavanlznwptgdmfvvpeqonrhackf/Build/Intermediates.noindex/QuizFlash.build/Debug-iphoneos/QuizFlash.build/swift-overrides.hmap -emit-const-values -Xfrontend -const-gather-protocols-file -Xfrontend /Users/ionsocol/Library/Developer/Xcode/DerivedData/QuizFlash-cavanlznwptgdmfvvpeqonrhackf/Build/Intermediates.noindex/QuizFlash.build/Debug-iphoneos/QuizFlash.build/Objects-normal/arm64/QuizFlash_const_extract_protocols.json -Xcc -iquote -Xcc /Users/ionsocol/Library/Developer/Xcode/DerivedData/QuizFlash-cavanlznwptgdmfvvpeqonrhackf/Build/Intermediates.noindex/QuizFlash.build/Debug-iphoneos/QuizFlash.build/QuizFlash-generated-files.hmap -Xcc -I/Users/ionsocol/Library/Developer/Xcode/DerivedData/QuizFlash-cavanlznwptgdmfvvpeqonrhackf/Build/Intermediates.noindex/QuizFlash.build/Debug-iphoneos/QuizFlash.build/QuizFlash-own-target-headers.hmap -Xcc -I/Users/ionsocol/Library/Developer/Xcode/DerivedData/QuizFlash-cavanlznwptgdmfvvpeqonrhackf/Build/Intermediates.noindex/QuizFlash.build/Debug-iphoneos/QuizFlash.build/QuizFlash-all-non-framework-target-headers.hmap -Xcc -ivfsoverlay -Xcc /Users/ionsocol/Library/Developer/Xcode/DerivedData/QuizFlash-cavanlznwptgdmfvvpeqonrhackf/Build/Intermediates.noindex/QuizFlash.build/Debug-iphoneos/QuizFlash-c31a8955d6ad4944cbb8f9f83f9850b1-VFS-iphoneos/all-product-headers.yaml -Xcc -iquote -Xcc /Users/ionsocol/Library/Developer/Xcode/DerivedData/QuizFlash-cavanlznwptgdmfvvpeqonrhackf/Build/Intermediates.noindex/QuizFlash.build/Debug-iphoneos/QuizFlash.build/QuizFlash-project-headers.hmap -Xcc -I/Users/ionsocol/Library/Developer/Xcode/DerivedData/QuizFlash-cavanlznwptgdmfvvpeqonrhackf/Build/Products/Debug-iphoneos/include -Xcc -I/Users/ionsocol/Library/Developer/Xcode/DerivedData/QuizFlash-cavanlznwptgdmfvvpeqonrhackf/Build/Intermediates.noindex/QuizFlash.build/Debug-iphoneos/QuizFlash.build/DerivedSources-normal/arm64 -Xcc -I/Users/ionsocol/Library/Developer/Xcode/DerivedData/QuizFlash-cavanlznwptgdmfvvpeqonrhackf/Build/Intermediates.noindex/QuizFlash.build/Debug-iphoneos/QuizFlash.build/DerivedSources/arm64 -Xcc -I/Users/ionsocol/Library/Developer/Xcode/DerivedData/QuizFlash-cavanlznwptgdmfvvpeqonrhackf/Build/Intermediates.noindex/QuizFlash.build/Debug-iphoneos/QuizFlash.build/DerivedSources -Xcc -DDEBUG\=1 -emit-objc-header -emit-objc-header-path /Users/ionsocol/Library/Developer/Xcode/DerivedData/QuizFlash-cavanlznwptgdmfvvpeqonrhackf/Build/Intermediates.noindex/QuizFlash.build/Debug-iphoneos/QuizFlash.build/Objects-normal/arm64/QuizFlash-Swift.h -working-directory /Users/ionsocol/Documents/SWIFT/QuizFlash -experimental-emit-module-separately -disable-cmo

SwiftDriverJobDiscovery normal arm64 Compiling CardModel.swift, DeckModel.swift, FolderModel.swift, ZoneModel.swift, CardFetchActor.swift, LoginView.swift, DeckComponents.swift, DeckCustomNavigationBar.swift, DeckGridRichPreviewRenderer.swift, DeckHeroView.swift, DeckMenuControls.swift, DeckProgressView.swift, DeckRowView.swift, DeckSharingViews.swift, FolderDeckListView.swift (in target 'QuizFlash' from project 'QuizFlash')

SwiftMergeGeneratedHeaders /Users/ionsocol/Library/Developer/Xcode/DerivedData/QuizFlash-cavanlznwptgdmfvvpeqonrhackf/Build/Intermediates.noindex/QuizFlash.build/Debug-iphoneos/QuizFlash.build/DerivedSources/QuizFlash-Swift.h /Users/ionsocol/Library/Developer/Xcode/DerivedData/QuizFlash-cavanlznwptgdmfvvpeqonrhackf/Build/Intermediates.noindex/QuizFlash.build/Debug-iphoneos/QuizFlash.build/Objects-normal/arm64/QuizFlash-Swift.h (in target 'QuizFlash' from project 'QuizFlash')
    cd /Users/ionsocol/Documents/SWIFT/QuizFlash
    builtin-swiftHeaderTool -arch arm64 /Users/ionsocol/Library/Developer/Xcode/DerivedData/QuizFlash-cavanlznwptgdmfvvpeqonrhackf/Build/Intermediates.noindex/QuizFlash.build/Debug-iphoneos/QuizFlash.build/Objects-normal/arm64/QuizFlash-Swift.h -o /Users/ionsocol/Library/Developer/Xcode/DerivedData/QuizFlash-cavanlznwptgdmfvvpeqonrhackf/Build/Intermediates.noindex/QuizFlash.build/Debug-iphoneos/QuizFlash.build/DerivedSources/QuizFlash-Swift.h

Copy /Users/ionsocol/Library/Developer/Xcode/DerivedData/QuizFlash-cavanlznwptgdmfvvpeqonrhackf/Build/Products/Debug-iphoneos/QuizFlash.swiftmodule/arm64-apple-ios.swiftmodule /Users/ionsocol/Library/Developer/Xcode/DerivedData/QuizFlash-cavanlznwptgdmfvvpeqonrhackf/Build/Intermediates.noindex/QuizFlash.build/Debug-iphoneos/QuizFlash.build/Objects-normal/arm64/QuizFlash.swiftmodule (in target 'QuizFlash' from project 'QuizFlash')
    cd /Users/ionsocol/Documents/SWIFT/QuizFlash
    builtin-copy -exclude .DS_Store -exclude CVS -exclude .svn -exclude .git -exclude .hg -resolve-src-symlinks -rename /Users/ionsocol/Library/Developer/Xcode/DerivedData/QuizFlash-cavanlznwptgdmfvvpeqonrhackf/Build/Intermediates.noindex/QuizFlash.build/Debug-iphoneos/QuizFlash.build/Objects-normal/arm64/QuizFlash.swiftmodule /Users/ionsocol/Library/Developer/Xcode/DerivedData/QuizFlash-cavanlznwptgdmfvvpeqonrhackf/Build/Products/Debug-iphoneos/QuizFlash.swiftmodule/arm64-apple-ios.swiftmodule

Copy /Users/ionsocol/Library/Developer/Xcode/DerivedData/QuizFlash-cavanlznwptgdmfvvpeqonrhackf/Build/Products/Debug-iphoneos/QuizFlash.swiftmodule/arm64-apple-ios.swiftdoc /Users/ionsocol/Library/Developer/Xcode/DerivedData/QuizFlash-cavanlznwptgdmfvvpeqonrhackf/Build/Intermediates.noindex/QuizFlash.build/Debug-iphoneos/QuizFlash.build/Objects-normal/arm64/QuizFlash.swiftdoc (in target 'QuizFlash' from project 'QuizFlash')
    cd /Users/ionsocol/Documents/SWIFT/QuizFlash
    builtin-copy -exclude .DS_Store -exclude CVS -exclude .svn -exclude .git -exclude .hg -resolve-src-symlinks -rename /Users/ionsocol/Library/Developer/Xcode/DerivedData/QuizFlash-cavanlznwptgdmfvvpeqonrhackf/Build/Intermediates.noindex/QuizFlash.build/Debug-iphoneos/QuizFlash.build/Objects-normal/arm64/QuizFlash.swiftdoc /Users/ionsocol/Library/Developer/Xcode/DerivedData/QuizFlash-cavanlznwptgdmfvvpeqonrhackf/Build/Products/Debug-iphoneos/QuizFlash.swiftmodule/arm64-apple-ios.swiftdoc

Copy /Users/ionsocol/Library/Developer/Xcode/DerivedData/QuizFlash-cavanlznwptgdmfvvpeqonrhackf/Build/Products/Debug-iphoneos/QuizFlash.swiftmodule/arm64-apple-ios.abi.json /Users/ionsocol/Library/Developer/Xcode/DerivedData/QuizFlash-cavanlznwptgdmfvvpeqonrhackf/Build/Intermediates.noindex/QuizFlash.build/Debug-iphoneos/QuizFlash.build/Objects-normal/arm64/QuizFlash.abi.json (in target 'QuizFlash' from project 'QuizFlash')
    cd /Users/ionsocol/Documents/SWIFT/QuizFlash
    builtin-copy -exclude .DS_Store -exclude CVS -exclude .svn -exclude .git -exclude .hg -resolve-src-symlinks -rename /Users/ionsocol/Library/Developer/Xcode/DerivedData/QuizFlash-cavanlznwptgdmfvvpeqonrhackf/Build/Intermediates.noindex/QuizFlash.build/Debug-iphoneos/QuizFlash.build/Objects-normal/arm64/QuizFlash.abi.json /Users/ionsocol/Library/Developer/Xcode/DerivedData/QuizFlash-cavanlznwptgdmfvvpeqonrhackf/Build/Products/Debug-iphoneos/QuizFlash.swiftmodule/arm64-apple-ios.abi.json

Copy /Users/ionsocol/Library/Developer/Xcode/DerivedData/QuizFlash-cavanlznwptgdmfvvpeqonrhackf/Build/Products/Debug-iphoneos/QuizFlash.swiftmodule/Project/arm64-apple-ios.swiftsourceinfo /Users/ionsocol/Library/Developer/Xcode/DerivedData/QuizFlash-cavanlznwptgdmfvvpeqonrhackf/Build/Intermediates.noindex/QuizFlash.build/Debug-iphoneos/QuizFlash.build/Objects-normal/arm64/QuizFlash.swiftsourceinfo (in target 'QuizFlash' from project 'QuizFlash')
    cd /Users/ionsocol/Documents/SWIFT/QuizFlash
    builtin-copy -exclude .DS_Store -exclude CVS -exclude .svn -exclude .git -exclude .hg -resolve-src-symlinks -rename /Users/ionsocol/Library/Developer/Xcode/DerivedData/QuizFlash-cavanlznwptgdmfvvpeqonrhackf/Build/Intermediates.noindex/QuizFlash.build/Debug-iphoneos/QuizFlash.build/Objects-normal/arm64/QuizFlash.swiftsourceinfo /Users/ionsocol/Library/Developer/Xcode/DerivedData/QuizFlash-cavanlznwptgdmfvvpeqonrhackf/Build/Products/Debug-iphoneos/QuizFlash.swiftmodule/Project/arm64-apple-ios.swiftsourceinfo

SwiftDriverJobDiscovery normal arm64 Compiling SearchResultsView.swift, FlipCard.swift, GameplayCard.swift, SwipeableCard.swift, FlashCardsPlayModeViewModel.swift, GamificationModels.swift, ReviewModels.swift, FlashCardsModeSettingsView.swift, FlashCardsPlayModeView.swift, LearnModeView.swift, MatchModeView.swift, QuizModeView.swift, DeckPlayModeDestination.swift, PlayModeSettingsScreen.swift, WriteModeView.swift (in target 'QuizFlash' from project 'QuizFlash')

SwiftDriverJobDiscovery normal arm64 Compiling QuizFlashApp.swift, AvatarView.swift, CodeBlockPreviewView.swift, CustomMenuButton.swift, EdgeShadowOverlay.swift, HighlightedText.swift, SelectionToolbarControls.swift, VisionOSStyleView.swift, SelectionDismissModifier.swift, SwipeBackModifier.swift, View+FullScreenSheet.swift, View+Styles.swift, ThemeManager.swift, UIConstants.swift, Date+Extensions.swift (in target 'QuizFlash' from project 'QuizFlash')

LinkAssetCatalog /Users/ionsocol/Documents/SWIFT/QuizFlash/QuizFlash/App/Assets.xcassets (in target 'QuizFlash' from project 'QuizFlash')
    cd /Users/ionsocol/Documents/SWIFT/QuizFlash
    builtin-linkAssetCatalog --thinned /Users/ionsocol/Library/Developer/Xcode/DerivedData/QuizFlash-cavanlznwptgdmfvvpeqonrhackf/Build/Intermediates.noindex/QuizFlash.build/Debug-iphoneos/QuizFlash.build/assetcatalog_output/thinned --thinned-dependencies /Users/ionsocol/Library/Developer/Xcode/DerivedData/QuizFlash-cavanlznwptgdmfvvpeqonrhackf/Build/Intermediates.noindex/QuizFlash.build/Debug-iphoneos/QuizFlash.build/assetcatalog_dependencies_thinned --thinned-info-plist-content /Users/ionsocol/Library/Developer/Xcode/DerivedData/QuizFlash-cavanlznwptgdmfvvpeqonrhackf/Build/Intermediates.noindex/QuizFlash.build/Debug-iphoneos/QuizFlash.build/assetcatalog_generated_info.plist_thinned --unthinned /Users/ionsocol/Library/Developer/Xcode/DerivedData/QuizFlash-cavanlznwptgdmfvvpeqonrhackf/Build/Intermediates.noindex/QuizFlash.build/Debug-iphoneos/QuizFlash.build/assetcatalog_output/unthinned --unthinned-dependencies /Users/ionsocol/Library/Developer/Xcode/DerivedData/QuizFlash-cavanlznwptgdmfvvpeqonrhackf/Build/Intermediates.noindex/QuizFlash.build/Debug-iphoneos/QuizFlash.build/assetcatalog_dependencies_unthinned --unthinned-info-plist-content /Users/ionsocol/Library/Developer/Xcode/DerivedData/QuizFlash-cavanlznwptgdmfvvpeqonrhackf/Build/Intermediates.noindex/QuizFlash.build/Debug-iphoneos/QuizFlash.build/assetcatalog_generated_info.plist_unthinned --output /Users/ionsocol/Library/Developer/Xcode/DerivedData/QuizFlash-cavanlznwptgdmfvvpeqonrhackf/Build/Products/Debug-iphoneos/QuizFlash.app --plist-output /Users/ionsocol/Library/Developer/Xcode/DerivedData/QuizFlash-cavanlznwptgdmfvvpeqonrhackf/Build/Intermediates.noindex/QuizFlash.build/Debug-iphoneos/QuizFlash.build/assetcatalog_generated_info.plist
note: Emplaced /Users/ionsocol/Library/Developer/Xcode/DerivedData/QuizFlash-cavanlznwptgdmfvvpeqonrhackf/Build/Products/Debug-iphoneos/QuizFlash.app/Assets.car (in target 'QuizFlash' from project 'QuizFlash')

ProcessInfoPlistFile /Users/ionsocol/Library/Developer/Xcode/DerivedData/QuizFlash-cavanlznwptgdmfvvpeqonrhackf/Build/Products/Debug-iphoneos/QuizFlash.app/Info.plist /Users/ionsocol/Library/Developer/Xcode/DerivedData/QuizFlash-cavanlznwptgdmfvvpeqonrhackf/Build/Intermediates.noindex/QuizFlash.build/Debug-iphoneos/QuizFlash.build/empty-QuizFlash.plist (in target 'QuizFlash' from project 'QuizFlash')
    cd /Users/ionsocol/Documents/SWIFT/QuizFlash
    builtin-infoPlistUtility /Users/ionsocol/Library/Developer/Xcode/DerivedData/QuizFlash-cavanlznwptgdmfvvpeqonrhackf/Build/Intermediates.noindex/QuizFlash.build/Debug-iphoneos/QuizFlash.build/empty-QuizFlash.plist -producttype com.apple.product-type.application -genpkginfo /Users/ionsocol/Library/Developer/Xcode/DerivedData/QuizFlash-cavanlznwptgdmfvvpeqonrhackf/Build/Products/Debug-iphoneos/QuizFlash.app/PkgInfo -expandbuildsettings -format binary -platform iphoneos -additionalcontentfile /Users/ionsocol/Library/Developer/Xcode/DerivedData/QuizFlash-cavanlznwptgdmfvvpeqonrhackf/Build/Intermediates.noindex/QuizFlash.build/Debug-iphoneos/QuizFlash.build/assetcatalog_generated_info.plist -requiredArchitecture arm64 -o /Users/ionsocol/Library/Developer/Xcode/DerivedData/QuizFlash-cavanlznwptgdmfvvpeqonrhackf/Build/Products/Debug-iphoneos/QuizFlash.app/Info.plist

SwiftDriverJobDiscovery normal arm64 Compiling AIProviderSettingsView.swift, SettingsCardAppearanceView.swift, SettingsView.swift, AIFlashcardService.swift, AIGenerationBackgroundCoordinator.swift, AIGenerationSessionStore.swift, AIGenerationState.swift, AIProviderStore.swift, AIZoneParser.swift, DocumentTextExtractor.swift, AuthManager.swift, LibrarySearchActor.swift, SearchEngine.swift, DeckSharingManager.swift, GeneratedAssetSymbols.swift (in target 'QuizFlash' from project 'QuizFlash')

SwiftDriverJobDiscovery normal arm64 Compiling CalendarViewModel.swift, HomeViewModel.swift, FolderView.swift, HomeDashboardView.swift, HomeView.swift, LibraryContentViews.swift, LibraryGrouping.swift, LibraryLayout.swift, LibrarySelectionBarView.swift, LibraryTopBarView.swift, Libraryviewmodifiers.swift, HighlightContext.swift, LibraryViewModel.swift, SearchModels.swift, LibraryView.swift (in target 'QuizFlash' from project 'QuizFlash')

SwiftDriverJobDiscovery normal arm64 Compiling LearningHabitView.swift, DeckScrollState.swift, DeckViewModel.swift, DeckCardGridView.swift, DeckView.swift, AILoadingOverlay.swift, CanvasModalView.swift, CanvasView.swift, CodeSnippetView.swift, ContentBlock.swift, DetailedCardRowView.swift, EditorFormatMenuBar.swift, FABMenuItemView.swift, ImageCropEditorView.swift, MixedMathTextView.swift (in target 'QuizFlash' from project 'QuizFlash')

SwiftDriverJobDiscovery normal arm64 Compiling CreateDeckViewModel.swift, ZoneCardContent.swift, AIGenerationSheetView.swift, AIGenerationView.swift, CardPreviewModeView.swift, CreateCardView.swift, CreateDeckView.swift, ZoneView.swift, ZoneController.swift, ZoneFocusManager.swift, ZoneTextView.swift, FolderCardView.swift, HomeCalendarSectionView.swift, HomeRecentDeckCardView.swift, HomeStatsView.swift (in target 'QuizFlash' from project 'QuizFlash')

SwiftDriver\ Compilation QuizFlash normal arm64 com.apple.xcode.tools.swift.compiler (in target 'QuizFlash' from project 'QuizFlash')
    cd /Users/ionsocol/Documents/SWIFT/QuizFlash
    builtin-Swift-Compilation -- /Applications/Xcode.app/Contents/Developer/Toolchains/XcodeDefault.xctoolchain/usr/bin/swiftc -module-name QuizFlash -Onone -enforce-exclusivity\=checked @/Users/ionsocol/Library/Developer/Xcode/DerivedData/QuizFlash-cavanlznwptgdmfvvpeqonrhackf/Build/Intermediates.noindex/QuizFlash.build/Debug-iphoneos/QuizFlash.build/Objects-normal/arm64/QuizFlash.SwiftFileList -DDEBUG -default-isolation\=MainActor -enable-bare-slash-regex -enable-upcoming-feature DisableOutwardActorInference -enable-upcoming-feature InferSendableFromCaptures -enable-upcoming-feature GlobalActorIsolatedTypesUsability -enable-upcoming-feature MemberImportVisibility -enable-upcoming-feature InferIsolatedConformances -enable-upcoming-feature NonisolatedNonsendingByDefault -enable-experimental-feature DebugDescriptionMacro -sdk /Applications/Xcode.app/Contents/Developer/Platforms/iPhoneOS.platform/Developer/SDKs/iPhoneOS26.2.sdk -target arm64-apple-ios17 -g -module-cache-path /Users/ionsocol/Library/Developer/Xcode/DerivedData/ModuleCache.noindex -Xfrontend -serialize-debugging-options -enable-testing -index-store-path /Users/ionsocol/Library/Developer/Xcode/DerivedData/QuizFlash-cavanlznwptgdmfvvpeqonrhackf/Index.noindex/DataStore -Xcc -D_LIBCPP_HARDENING_MODE\=_LIBCPP_HARDENING_MODE_DEBUG -swift-version 5 -I /Users/ionsocol/Library/Developer/Xcode/DerivedData/QuizFlash-cavanlznwptgdmfvvpeqonrhackf/Build/Products/Debug-iphoneos -F /Users/ionsocol/Library/Developer/Xcode/DerivedData/QuizFlash-cavanlznwptgdmfvvpeqonrhackf/Build/Products/Debug-iphoneos/PackageFrameworks -F /Users/ionsocol/Library/Developer/Xcode/DerivedData/QuizFlash-cavanlznwptgdmfvvpeqonrhackf/Build/Products/Debug-iphoneos -emit-localized-strings -emit-localized-strings-path /Users/ionsocol/Library/Developer/Xcode/DerivedData/QuizFlash-cavanlznwptgdmfvvpeqonrhackf/Build/Intermediates.noindex/QuizFlash.build/Debug-iphoneos/QuizFlash.build/Objects-normal/arm64 -c -j8 -enable-batch-mode -incremental -Xcc -ivfsstatcache -Xcc /Users/ionsocol/Library/Developer/Xcode/DerivedData/SDKStatCaches.noindex/iphoneos26.2-23C57-3794476bd08197c3e2abd9bb477ef7f7.sdkstatcache -output-file-map /Users/ionsocol/Library/Developer/Xcode/DerivedData/QuizFlash-cavanlznwptgdmfvvpeqonrhackf/Build/Intermediates.noindex/QuizFlash.build/Debug-iphoneos/QuizFlash.build/Objects-normal/arm64/QuizFlash-OutputFileMap.json -use-frontend-parseable-output -save-temps -no-color-diagnostics -explicit-module-build -module-cache-path /Users/ionsocol/Library/Developer/Xcode/DerivedData/QuizFlash-cavanlznwptgdmfvvpeqonrhackf/Build/Intermediates.noindex/SwiftExplicitPrecompiledModules -clang-scanner-module-cache-path /Users/ionsocol/Library/Developer/Xcode/DerivedData/ModuleCache.noindex -sdk-module-cache-path /Users/ionsocol/Library/Developer/Xcode/DerivedData/ModuleCache.noindex -serialize-diagnostics -emit-dependencies -emit-module -emit-module-path /Users/ionsocol/Library/Developer/Xcode/DerivedData/QuizFlash-cavanlznwptgdmfvvpeqonrhackf/Build/Intermediates.noindex/QuizFlash.build/Debug-iphoneos/QuizFlash.build/Objects-normal/arm64/QuizFlash.swiftmodule -validate-clang-modules-once -clang-build-session-file /Users/ionsocol/Library/Developer/Xcode/DerivedData/ModuleCache.noindex/Session.modulevalidation -Xcc -I/Users/ionsocol/Library/Developer/Xcode/DerivedData/QuizFlash-cavanlznwptgdmfvvpeqonrhackf/Build/Intermediates.noindex/QuizFlash.build/Debug-iphoneos/QuizFlash.build/swift-overrides.hmap -emit-const-values -Xfrontend -const-gather-protocols-file -Xfrontend /Users/ionsocol/Library/Developer/Xcode/DerivedData/QuizFlash-cavanlznwptgdmfvvpeqonrhackf/Build/Intermediates.noindex/QuizFlash.build/Debug-iphoneos/QuizFlash.build/Objects-normal/arm64/QuizFlash_const_extract_protocols.json -Xcc -iquote -Xcc /Users/ionsocol/Library/Developer/Xcode/DerivedData/QuizFlash-cavanlznwptgdmfvvpeqonrhackf/Build/Intermediates.noindex/QuizFlash.build/Debug-iphoneos/QuizFlash.build/QuizFlash-generated-files.hmap -Xcc -I/Users/ionsocol/Library/Developer/Xcode/DerivedData/QuizFlash-cavanlznwptgdmfvvpeqonrhackf/Build/Intermediates.noindex/QuizFlash.build/Debug-iphoneos/QuizFlash.build/QuizFlash-own-target-headers.hmap -Xcc -I/Users/ionsocol/Library/Developer/Xcode/DerivedData/QuizFlash-cavanlznwptgdmfvvpeqonrhackf/Build/Intermediates.noindex/QuizFlash.build/Debug-iphoneos/QuizFlash.build/QuizFlash-all-non-framework-target-headers.hmap -Xcc -ivfsoverlay -Xcc /Users/ionsocol/Library/Developer/Xcode/DerivedData/QuizFlash-cavanlznwptgdmfvvpeqonrhackf/Build/Intermediates.noindex/QuizFlash.build/Debug-iphoneos/QuizFlash-c31a8955d6ad4944cbb8f9f83f9850b1-VFS-iphoneos/all-product-headers.yaml -Xcc -iquote -Xcc /Users/ionsocol/Library/Developer/Xcode/DerivedData/QuizFlash-cavanlznwptgdmfvvpeqonrhackf/Build/Intermediates.noindex/QuizFlash.build/Debug-iphoneos/QuizFlash.build/QuizFlash-project-headers.hmap -Xcc -I/Users/ionsocol/Library/Developer/Xcode/DerivedData/QuizFlash-cavanlznwptgdmfvvpeqonrhackf/Build/Products/Debug-iphoneos/include -Xcc -I/Users/ionsocol/Library/Developer/Xcode/DerivedData/QuizFlash-cavanlznwptgdmfvvpeqonrhackf/Build/Intermediates.noindex/QuizFlash.build/Debug-iphoneos/QuizFlash.build/DerivedSources-normal/arm64 -Xcc -I/Users/ionsocol/Library/Developer/Xcode/DerivedData/QuizFlash-cavanlznwptgdmfvvpeqonrhackf/Build/Intermediates.noindex/QuizFlash.build/Debug-iphoneos/QuizFlash.build/DerivedSources/arm64 -Xcc -I/Users/ionsocol/Library/Developer/Xcode/DerivedData/QuizFlash-cavanlznwptgdmfvvpeqonrhackf/Build/Intermediates.noindex/QuizFlash.build/Debug-iphoneos/QuizFlash.build/DerivedSources -Xcc -DDEBUG\=1 -emit-objc-header -emit-objc-header-path /Users/ionsocol/Library/Developer/Xcode/DerivedData/QuizFlash-cavanlznwptgdmfvvpeqonrhackf/Build/Intermediates.noindex/QuizFlash.build/Debug-iphoneos/QuizFlash.build/Objects-normal/arm64/QuizFlash-Swift.h -working-directory /Users/ionsocol/Documents/SWIFT/QuizFlash -experimental-emit-module-separately -disable-cmo

Ld /Users/ionsocol/Library/Developer/Xcode/DerivedData/QuizFlash-cavanlznwptgdmfvvpeqonrhackf/Build/Products/Debug-iphoneos/QuizFlash.app/QuizFlash.debug.dylib normal (in target 'QuizFlash' from project 'QuizFlash')
    cd /Users/ionsocol/Documents/SWIFT/QuizFlash
    /Applications/Xcode.app/Contents/Developer/Toolchains/XcodeDefault.xctoolchain/usr/bin/clang -Xlinker -reproducible -target arm64-apple-ios17 -dynamiclib -isysroot /Applications/Xcode.app/Contents/Developer/Platforms/iPhoneOS.platform/Developer/SDKs/iPhoneOS26.2.sdk -O0 -L/Users/ionsocol/Library/Developer/Xcode/DerivedData/QuizFlash-cavanlznwptgdmfvvpeqonrhackf/Build/Intermediates.noindex/EagerLinkingTBDs/Debug-iphoneos -L/Users/ionsocol/Library/Developer/Xcode/DerivedData/QuizFlash-cavanlznwptgdmfvvpeqonrhackf/Build/Products/Debug-iphoneos -F/Users/ionsocol/Library/Developer/Xcode/DerivedData/QuizFlash-cavanlznwptgdmfvvpeqonrhackf/Build/Intermediates.noindex/EagerLinkingTBDs/Debug-iphoneos -F/Users/ionsocol/Library/Developer/Xcode/DerivedData/QuizFlash-cavanlznwptgdmfvvpeqonrhackf/Build/Products/Debug-iphoneos/PackageFrameworks -F/Users/ionsocol/Library/Developer/Xcode/DerivedData/QuizFlash-cavanlznwptgdmfvvpeqonrhackf/Build/Products/Debug-iphoneos -filelist /Users/ionsocol/Library/Developer/Xcode/DerivedData/QuizFlash-cavanlznwptgdmfvvpeqonrhackf/Build/Intermediates.noindex/QuizFlash.build/Debug-iphoneos/QuizFlash.build/Objects-normal/arm64/QuizFlash.LinkFileList -install_name @rpath/QuizFlash.debug.dylib -Xlinker -rpath -Xlinker /usr/lib/swift -Xlinker -rpath -Xlinker /Users/ionsocol/Library/Developer/Xcode/DerivedData/QuizFlash-cavanlznwptgdmfvvpeqonrhackf/Build/Products/Debug-iphoneos/PackageFrameworks -Xlinker -rpath -Xlinker @executable_path/Frameworks -dead_strip -Xlinker -object_path_lto -Xlinker /Users/ionsocol/Library/Developer/Xcode/DerivedData/QuizFlash-cavanlznwptgdmfvvpeqonrhackf/Build/Intermediates.noindex/QuizFlash.build/Debug-iphoneos/QuizFlash.build/Objects-normal/arm64/QuizFlash_lto.o -rdynamic -Xlinker -no_deduplicate -Xlinker -dependency_info -Xlinker /Users/ionsocol/Library/Developer/Xcode/DerivedData/QuizFlash-cavanlznwptgdmfvvpeqonrhackf/Build/Intermediates.noindex/QuizFlash.build/Debug-iphoneos/QuizFlash.build/Objects-normal/arm64/QuizFlash_dependency_info.dat -fobjc-link-runtime -L/Applications/Xcode.app/Contents/Developer/Toolchains/XcodeDefault.xctoolchain/usr/lib/swift/iphoneos -L/usr/lib/swift -Xlinker -add_ast_path -Xlinker /Users/ionsocol/Library/Developer/Xcode/DerivedData/QuizFlash-cavanlznwptgdmfvvpeqonrhackf/Build/Intermediates.noindex/QuizFlash.build/Debug-iphoneos/QuizFlash.build/Objects-normal/arm64/QuizFlash.swiftmodule @/Users/ionsocol/Library/Developer/Xcode/DerivedData/QuizFlash-cavanlznwptgdmfvvpeqonrhackf/Build/Intermediates.noindex/QuizFlash.build/Debug-iphoneos/QuizFlash.build/Objects-normal/arm64/QuizFlash-linker-args.resp -Wl,-no_warn_duplicate_libraries -Xlinker -alias -Xlinker _main -Xlinker ___debug_main_executable_dylib_entry_point -Xlinker -no_adhoc_codesign -o /Users/ionsocol/Library/Developer/Xcode/DerivedData/QuizFlash-cavanlznwptgdmfvvpeqonrhackf/Build/Products/Debug-iphoneos/QuizFlash.app/QuizFlash.debug.dylib -Xlinker -add_ast_path -Xlinker /Users/ionsocol/Library/Developer/Xcode/DerivedData/QuizFlash-cavanlznwptgdmfvvpeqonrhackf/Build/Intermediates.noindex/PZCircularControl.build/Debug-iphoneos/PZCircularControl.build/Objects-normal/arm64/PZCircularControl.swiftmodule @/Users/ionsocol/Library/Developer/Xcode/DerivedData/QuizFlash-cavanlznwptgdmfvvpeqonrhackf/Build/Intermediates.noindex/PZCircularControl.build/Debug-iphoneos/PZCircularControl.build/Objects-normal/arm64/PZCircularControl-linker-args.resp

ConstructStubExecutorLinkFileList /Users/ionsocol/Library/Developer/Xcode/DerivedData/QuizFlash-cavanlznwptgdmfvvpeqonrhackf/Build/Intermediates.noindex/QuizFlash.build/Debug-iphoneos/QuizFlash.build/QuizFlash-ExecutorLinkFileList-normal-arm64.txt (in target 'QuizFlash' from project 'QuizFlash')
    cd /Users/ionsocol/Documents/SWIFT/QuizFlash
    construct-stub-executor-link-file-list /Users/ionsocol/Library/Developer/Xcode/DerivedData/QuizFlash-cavanlznwptgdmfvvpeqonrhackf/Build/Products/Debug-iphoneos/QuizFlash.app/QuizFlash.debug.dylib /Applications/Xcode.app/Contents/Developer/Platforms/iPhoneOS.platform/Developer/usr/lib/libPreviewsJITStubExecutor_no_swift_entry_point.a /Applications/Xcode.app/Contents/Developer/Platforms/iPhoneOS.platform/Developer/usr/lib/libPreviewsJITStubExecutor.a --output /Users/ionsocol/Library/Developer/Xcode/DerivedData/QuizFlash-cavanlznwptgdmfvvpeqonrhackf/Build/Intermediates.noindex/QuizFlash.build/Debug-iphoneos/QuizFlash.build/QuizFlash-ExecutorLinkFileList-normal-arm64.txt
note: Using stub executor library with Swift entry point. (in target 'QuizFlash' from project 'QuizFlash')

Ld /Users/ionsocol/Library/Developer/Xcode/DerivedData/QuizFlash-cavanlznwptgdmfvvpeqonrhackf/Build/Products/Debug-iphoneos/QuizFlash.app/QuizFlash normal (in target 'QuizFlash' from project 'QuizFlash')
    cd /Users/ionsocol/Documents/SWIFT/QuizFlash
    /Applications/Xcode.app/Contents/Developer/Toolchains/XcodeDefault.xctoolchain/usr/bin/clang -Xlinker -reproducible -target arm64-apple-ios17 -isysroot /Applications/Xcode.app/Contents/Developer/Platforms/iPhoneOS.platform/Developer/SDKs/iPhoneOS26.2.sdk -O0 -L/Users/ionsocol/Library/Developer/Xcode/DerivedData/QuizFlash-cavanlznwptgdmfvvpeqonrhackf/Build/Products/Debug-iphoneos -F/Users/ionsocol/Library/Developer/Xcode/DerivedData/QuizFlash-cavanlznwptgdmfvvpeqonrhackf/Build/Products/Debug-iphoneos/PackageFrameworks -F/Users/ionsocol/Library/Developer/Xcode/DerivedData/QuizFlash-cavanlznwptgdmfvvpeqonrhackf/Build/Products/Debug-iphoneos -Xlinker -rpath -Xlinker @executable_path -Xlinker -rpath -Xlinker /Users/ionsocol/Library/Developer/Xcode/DerivedData/QuizFlash-cavanlznwptgdmfvvpeqonrhackf/Build/Products/Debug-iphoneos/PackageFrameworks -Xlinker -rpath -Xlinker @executable_path/Frameworks -rdynamic -Xlinker -no_deduplicate -e ___debug_blank_executor_main -Xlinker -sectcreate -Xlinker __TEXT -Xlinker __debug_dylib -Xlinker /Users/ionsocol/Library/Developer/Xcode/DerivedData/QuizFlash-cavanlznwptgdmfvvpeqonrhackf/Build/Intermediates.noindex/QuizFlash.build/Debug-iphoneos/QuizFlash.build/QuizFlash-DebugDylibPath-normal-arm64.txt -Xlinker -sectcreate -Xlinker __TEXT -Xlinker __debug_instlnm -Xlinker /Users/ionsocol/Library/Developer/Xcode/DerivedData/QuizFlash-cavanlznwptgdmfvvpeqonrhackf/Build/Intermediates.noindex/QuizFlash.build/Debug-iphoneos/QuizFlash.build/QuizFlash-DebugDylibInstallName-normal-arm64.txt -Xlinker -filelist -Xlinker /Users/ionsocol/Library/Developer/Xcode/DerivedData/QuizFlash-cavanlznwptgdmfvvpeqonrhackf/Build/Intermediates.noindex/QuizFlash.build/Debug-iphoneos/QuizFlash.build/QuizFlash-ExecutorLinkFileList-normal-arm64.txt /Users/ionsocol/Library/Developer/Xcode/DerivedData/QuizFlash-cavanlznwptgdmfvvpeqonrhackf/Build/Products/Debug-iphoneos/QuizFlash.app/QuizFlash.debug.dylib -Xlinker -no_adhoc_codesign -o /Users/ionsocol/Library/Developer/Xcode/DerivedData/QuizFlash-cavanlznwptgdmfvvpeqonrhackf/Build/Products/Debug-iphoneos/QuizFlash.app/QuizFlash

CopySwiftLibs /Users/ionsocol/Library/Developer/Xcode/DerivedData/QuizFlash-cavanlznwptgdmfvvpeqonrhackf/Build/Products/Debug-iphoneos/QuizFlash.app (in target 'QuizFlash' from project 'QuizFlash')
    cd /Users/ionsocol/Documents/SWIFT/QuizFlash
    builtin-swiftStdLibTool --copy --verbose --sign 2586CA6CB8A07CB152A6694A394CA696CBCFCC72 --scan-executable /Users/ionsocol/Library/Developer/Xcode/DerivedData/QuizFlash-cavanlznwptgdmfvvpeqonrhackf/Build/Products/Debug-iphoneos/QuizFlash.app/QuizFlash.debug.dylib --scan-folder /Users/ionsocol/Library/Developer/Xcode/DerivedData/QuizFlash-cavanlznwptgdmfvvpeqonrhackf/Build/Products/Debug-iphoneos/QuizFlash.app/Frameworks --scan-folder /Users/ionsocol/Library/Developer/Xcode/DerivedData/QuizFlash-cavanlznwptgdmfvvpeqonrhackf/Build/Products/Debug-iphoneos/QuizFlash.app/PlugIns --scan-folder /Users/ionsocol/Library/Developer/Xcode/DerivedData/QuizFlash-cavanlznwptgdmfvvpeqonrhackf/Build/Products/Debug-iphoneos/QuizFlash.app/SystemExtensions --scan-folder /Users/ionsocol/Library/Developer/Xcode/DerivedData/QuizFlash-cavanlznwptgdmfvvpeqonrhackf/Build/Products/Debug-iphoneos/QuizFlash.app/Extensions --platform iphoneos --toolchain /Applications/Xcode.app/Contents/Developer/Toolchains/XcodeDefault.xctoolchain --destination /Users/ionsocol/Library/Developer/Xcode/DerivedData/QuizFlash-cavanlznwptgdmfvvpeqonrhackf/Build/Products/Debug-iphoneos/QuizFlash.app/Frameworks --strip-bitcode --strip-bitcode-tool /Applications/Xcode.app/Contents/Developer/Toolchains/XcodeDefault.xctoolchain/usr/bin/bitcode_strip --emit-dependency-info /Users/ionsocol/Library/Developer/Xcode/DerivedData/QuizFlash-cavanlznwptgdmfvvpeqonrhackf/Build/Intermediates.noindex/QuizFlash.build/Debug-iphoneos/QuizFlash.build/SwiftStdLibToolInputDependencies.dep --filter-for-swift-os --back-deploy-swift-span

ExtractAppIntentsMetadata (in target 'QuizFlash' from project 'QuizFlash')
    cd /Users/ionsocol/Documents/SWIFT/QuizFlash
    /Applications/Xcode.app/Contents/Developer/Toolchains/XcodeDefault.xctoolchain/usr/bin/appintentsmetadataprocessor --toolchain-dir /Applications/Xcode.app/Contents/Developer/Toolchains/XcodeDefault.xctoolchain --module-name QuizFlash --sdk-root /Applications/Xcode.app/Contents/Developer/Platforms/iPhoneOS.platform/Developer/SDKs/iPhoneOS26.2.sdk --xcode-version 17C529 --platform-family iOS --deployment-target 17 --bundle-identifier com.sion.QuizFlash --output /Users/ionsocol/Library/Developer/Xcode/DerivedData/QuizFlash-cavanlznwptgdmfvvpeqonrhackf/Build/Products/Debug-iphoneos/QuizFlash.app --target-triple arm64-apple-ios17 --binary-file /Users/ionsocol/Library/Developer/Xcode/DerivedData/QuizFlash-cavanlznwptgdmfvvpeqonrhackf/Build/Products/Debug-iphoneos/QuizFlash.app/QuizFlash --dependency-file /Users/ionsocol/Library/Developer/Xcode/DerivedData/QuizFlash-cavanlznwptgdmfvvpeqonrhackf/Build/Intermediates.noindex/QuizFlash.build/Debug-iphoneos/QuizFlash.build/Objects-normal/arm64/QuizFlash_dependency_info.dat --stringsdata-file /Users/ionsocol/Library/Developer/Xcode/DerivedData/QuizFlash-cavanlznwptgdmfvvpeqonrhackf/Build/Intermediates.noindex/QuizFlash.build/Debug-iphoneos/QuizFlash.build/Objects-normal/arm64/ExtractedAppShortcutsMetadata.stringsdata --source-file-list /Users/ionsocol/Library/Developer/Xcode/DerivedData/QuizFlash-cavanlznwptgdmfvvpeqonrhackf/Build/Intermediates.noindex/QuizFlash.build/Debug-iphoneos/QuizFlash.build/Objects-normal/arm64/QuizFlash.SwiftFileList --metadata-file-list /Users/ionsocol/Library/Developer/Xcode/DerivedData/QuizFlash-cavanlznwptgdmfvvpeqonrhackf/Build/Intermediates.noindex/QuizFlash.build/Debug-iphoneos/QuizFlash.build/QuizFlash.DependencyMetadataFileList --static-metadata-file-list /Users/ionsocol/Library/Developer/Xcode/DerivedData/QuizFlash-cavanlznwptgdmfvvpeqonrhackf/Build/Intermediates.noindex/QuizFlash.build/Debug-iphoneos/QuizFlash.build/QuizFlash.DependencyStaticMetadataFileList --swift-const-vals-list /Users/ionsocol/Library/Developer/Xcode/DerivedData/QuizFlash-cavanlznwptgdmfvvpeqonrhackf/Build/Intermediates.noindex/QuizFlash.build/Debug-iphoneos/QuizFlash.build/Objects-normal/arm64/QuizFlash.SwiftConstValuesFileList --compile-time-extraction --deployment-aware-processing --validate-assistant-intents --no-app-shortcuts-localization
2026-03-15 04:55:25.312 appintentsmetadataprocessor[14947:16921281] Starting appintentsmetadataprocessor export
2026-03-15 04:55:25.315 appintentsmetadataprocessor[14947:16921281] warning: Metadata extraction skipped. No AppIntents.framework dependency found.

AppIntentsSSUTraining (in target 'QuizFlash' from project 'QuizFlash')
    cd /Users/ionsocol/Documents/SWIFT/QuizFlash
    /Applications/Xcode.app/Contents/Developer/Toolchains/XcodeDefault.xctoolchain/usr/bin/appintentsnltrainingprocessor --infoplist-path /Users/ionsocol/Library/Developer/Xcode/DerivedData/QuizFlash-cavanlznwptgdmfvvpeqonrhackf/Build/Products/Debug-iphoneos/QuizFlash.app/Info.plist --temp-dir-path /Users/ionsocol/Library/Developer/Xcode/DerivedData/QuizFlash-cavanlznwptgdmfvvpeqonrhackf/Build/Intermediates.noindex/QuizFlash.build/Debug-iphoneos/QuizFlash.build/ssu --bundle-id com.sion.QuizFlash --product-path /Users/ionsocol/Library/Developer/Xcode/DerivedData/QuizFlash-cavanlznwptgdmfvvpeqonrhackf/Build/Products/Debug-iphoneos/QuizFlash.app --extracted-metadata-path /Users/ionsocol/Library/Developer/Xcode/DerivedData/QuizFlash-cavanlznwptgdmfvvpeqonrhackf/Build/Products/Debug-iphoneos/QuizFlash.app/Metadata.appintents --metadata-file-list /Users/ionsocol/Library/Developer/Xcode/DerivedData/QuizFlash-cavanlznwptgdmfvvpeqonrhackf/Build/Intermediates.noindex/QuizFlash.build/Debug-iphoneos/QuizFlash.build/QuizFlash.DependencyMetadataFileList --archive-ssu-assets
2026-03-15 04:55:25.338 appintentsnltrainingprocessor[14948:16921283] Parsing options for appintentsnltrainingprocessor
2026-03-15 04:55:25.339 appintentsnltrainingprocessor[14948:16921283] No AppShortcuts found - Skipping.

CodeSign /Users/ionsocol/Library/Developer/Xcode/DerivedData/QuizFlash-cavanlznwptgdmfvvpeqonrhackf/Build/Products/Debug-iphoneos/QuizFlash.app/QuizFlash.debug.dylib (in target 'QuizFlash' from project 'QuizFlash')
    cd /Users/ionsocol/Documents/SWIFT/QuizFlash
    
    Signing Identity:     "Apple Development: i9o7n8s@gmail.com (KS48VAKYS7)"
    Provisioning Profile: "iOS Team Provisioning Profile: com.sion.QuizFlash"
                          (4397e08b-5ffd-4a68-8f92-aa8475d647fb)
    
    /usr/bin/codesign --force --sign 2586CA6CB8A07CB152A6694A394CA696CBCFCC72 --timestamp\=none --generate-entitlement-der /Users/ionsocol/Library/Developer/Xcode/DerivedData/QuizFlash-cavanlznwptgdmfvvpeqonrhackf/Build/Products/Debug-iphoneos/QuizFlash.app/QuizFlash.debug.dylib

CodeSign /Users/ionsocol/Library/Developer/Xcode/DerivedData/QuizFlash-cavanlznwptgdmfvvpeqonrhackf/Build/Products/Debug-iphoneos/QuizFlash.app/__preview.dylib (in target 'QuizFlash' from project 'QuizFlash')
    cd /Users/ionsocol/Documents/SWIFT/QuizFlash
    
    Signing Identity:     "Apple Development: i9o7n8s@gmail.com (KS48VAKYS7)"
    Provisioning Profile: "iOS Team Provisioning Profile: com.sion.QuizFlash"
                          (4397e08b-5ffd-4a68-8f92-aa8475d647fb)
    
    /usr/bin/codesign --force --sign 2586CA6CB8A07CB152A6694A394CA696CBCFCC72 --timestamp\=none --generate-entitlement-der /Users/ionsocol/Library/Developer/Xcode/DerivedData/QuizFlash-cavanlznwptgdmfvvpeqonrhackf/Build/Products/Debug-iphoneos/QuizFlash.app/__preview.dylib

CodeSign /Users/ionsocol/Library/Developer/Xcode/DerivedData/QuizFlash-cavanlznwptgdmfvvpeqonrhackf/Build/Products/Debug-iphoneos/QuizFlash.app (in target 'QuizFlash' from project 'QuizFlash')
    cd /Users/ionsocol/Documents/SWIFT/QuizFlash
    
    Signing Identity:     "Apple Development: i9o7n8s@gmail.com (KS48VAKYS7)"
    Provisioning Profile: "iOS Team Provisioning Profile: com.sion.QuizFlash"
                          (4397e08b-5ffd-4a68-8f92-aa8475d647fb)
    
    /usr/bin/codesign --force --sign 2586CA6CB8A07CB152A6694A394CA696CBCFCC72 --entitlements /Users/ionsocol/Library/Developer/Xcode/DerivedData/QuizFlash-cavanlznwptgdmfvvpeqonrhackf/Build/Intermediates.noindex/QuizFlash.build/Debug-iphoneos/QuizFlash.build/QuizFlash.app.xcent --timestamp\=none --generate-entitlement-der /Users/ionsocol/Library/Developer/Xcode/DerivedData/QuizFlash-cavanlznwptgdmfvvpeqonrhackf/Build/Products/Debug-iphoneos/QuizFlash.app

RegisterExecutionPolicyException /Users/ionsocol/Library/Developer/Xcode/DerivedData/QuizFlash-cavanlznwptgdmfvvpeqonrhackf/Build/Products/Debug-iphoneos/QuizFlash.app (in target 'QuizFlash' from project 'QuizFlash')
    cd /Users/ionsocol/Documents/SWIFT/QuizFlash
    builtin-RegisterExecutionPolicyException /Users/ionsocol/Library/Developer/Xcode/DerivedData/QuizFlash-cavanlznwptgdmfvvpeqonrhackf/Build/Products/Debug-iphoneos/QuizFlash.app

Validate /Users/ionsocol/Library/Developer/Xcode/DerivedData/QuizFlash-cavanlznwptgdmfvvpeqonrhackf/Build/Products/Debug-iphoneos/QuizFlash.app (in target 'QuizFlash' from project 'QuizFlash')
    cd /Users/ionsocol/Documents/SWIFT/QuizFlash
    builtin-validationUtility /Users/ionsocol/Library/Developer/Xcode/DerivedData/QuizFlash-cavanlznwptgdmfvvpeqonrhackf/Build/Products/Debug-iphoneos/QuizFlash.app -shallow-bundle -infoplist-subpath Info.plist

Touch /Users/ionsocol/Library/Developer/Xcode/DerivedData/QuizFlash-cavanlznwptgdmfvvpeqonrhackf/Build/Products/Debug-iphoneos/QuizFlash.app (in target 'QuizFlash' from project 'QuizFlash')
    cd /Users/ionsocol/Documents/SWIFT/QuizFlash
    /usr/bin/touch -c /Users/ionsocol/Library/Developer/Xcode/DerivedData/QuizFlash-cavanlznwptgdmfvvpeqonrhackf/Build/Products/Debug-iphoneos/QuizFlash.app

** BUILD SUCCEEDED **

